"","year_month","ten_year_t_yield","three_month_t_yield","three_month_bond_equivalent","spread","rec_prob","nber_rec","sp500","cpi","monetary_base","m1","m2","m3","one_year_rec","one_half_year_rec"
"1","1960-01",4.72,4.35,4.45945205825725,0.260547941742747,0.104718754146178,0,58.03,29.37,50700,140,298.2,2.982e+11,1,1
"2","1960-02",4.49,3.96,4.05559652117698,0.434403478823018,0.0976196539553968,0,55.78,29.41,49600,139.9,298.4,2.984e+11,1,1
"3","1960-03",4.25,3.31,3.38428837504016,0.865711624959837,0.105806244147799,0,55.02,29.41,49500,139.8,299.3,2.993e+11,1,1
"4","1960-04",4.28,3.23,3.30181955056941,0.978180449430587,0.108647965342159,0,55.73,29.54,49700,139.6,300.1,3.001e+11,1,1
"5","1960-05",4.35,3.29,3.36366801575659,0.986331984243407,0.0769829398269917,1,55.22,29.57,49700,139.6,300.9,3.009e+11,1,1
"6","1960-06",4.15,2.46,2.50977327347221,1.64022672652779,0.114388431048628,1,57.26,29.61,50000,139.6,302.3,3.023e+11,1,1
"7","1960-07",3.9,2.3,2.34558139404929,1.55441860595071,0.106012090991647,1,55.84,29.55,50500,140.2,304.1,3.041e+11,1,1
"8","1960-08",3.8,2.3,2.34558139404929,1.45441860595071,0.125166573965155,1,56.51,29.61,50300,141.3,306.9,3.069e+11,1,1
"9","1960-09",3.8,2.48,2.53030665572399,1.26969334427601,0.190474293309656,1,54.81,29.61,49900,141.2,308.4,3.084e+11,1,1
"10","1960-10",3.89,2.3,2.34558139404929,1.54441860595071,0.219273657353583,1,53.73,29.75,50100,140.9,309.5,3.095e+11,1,1
"11","1960-11",3.93,2.37,2.41739890058023,1.51260109941977,0.2391255653013,1,55.47,29.78,50300,140.9,310.9,3.109e+11,1,1
"12","1960-12",3.84,2.25,2.29429882456471,1.54570117543529,0.278486318639083,1,56.8,29.81,49800,140.7,312.4,3.124e+11,1,1
"13","1961-01",3.84,2.24,2.28404387509722,1.55595612490278,0.242517669647136,1,59.72,29.84,49100,141.1,314.1,3.141e+11,1,1
"14","1961-02",3.78,2.42,2.46871277576329,1.31128722423671,0.209465454199649,1,62.17,29.84,48400,141.6,316.5,3.165e+11,0,0
"15","1961-03",3.74,2.39,2.43792288467187,1.30207711532813,0.139782853462005,0,64.12,29.84,48400,141.9,318.3,3.183e+11,0,0
"16","1961-04",3.78,2.29,2.33532383706684,1.44467616293316,0.124560252926873,0,65.83,29.81,48500,142.1,319.9,3.199e+11,0,0
"17","1961-05",3.71,2.29,2.33532383706684,1.37467616293316,0.123503826460486,0,66.5,29.84,48500,142.7,322.2,3.222e+11,0,0
"18","1961-06",3.88,2.33,2.37635719488979,1.50364280511021,0.058025906399498,0,65.62,29.84,48900,142.9,324.3,3.243e+11,0,0
"19","1961-07",3.92,2.24,2.28404387509722,1.63595612490278,0.0646021698014084,0,65.44,29.92,49200,142.9,325.6,3.256e+11,0,0
"20","1961-08",4.04,2.39,2.43792288467187,1.60207711532813,0.0729805035142425,0,67.79,29.94,49300,143.5,327.6,3.276e+11,0,0
"21","1961-09",3.98,2.28,2.32506680166694,1.65493319833306,0.0906087255546152,0,67.26,29.98,49600,143.8,329.5,3.295e+11,0,0
"22","1961-10",3.92,2.3,2.34558139404929,1.57441860595071,0.0654048023591216,0,68,29.98,50000,144.1,331.1,3.311e+11,0,0
"23","1961-11",3.94,2.48,2.53030665572399,1.40969334427601,0.0680100923080548,0,71.08,29.98,50500,144.8,333.4,3.334e+11,0,0
"24","1961-12",4.06,2.6,2.65355083688911,1.40644916311089,0.0653014288295069,0,71.74,30.01,51300,145.2,335.5,3.355e+11,0,0
"25","1962-01",4.08,2.72,2.77687030382228,1.30312969617772,0.064479445014481,0,69.07,30.04,50600,145.2,337.5,3.375e+11,0,0
"26","1962-02",4.04,2.73,2.7871503265451,1.2528496734549,0.0863869325053747,0,70.22,30.11,49800,145.7,340.1,3.401e+11,0,0
"27","1962-03",3.93,2.72,2.77687030382228,1.15312969617772,0.0873088448335965,0,70.29,30.17,50000,146,343.1,3.431e+11,0,0
"28","1962-04",3.84,2.73,2.7871503265451,1.0528496734549,0.073839292387452,0,68.05,30.21,50400,146.4,345.5,3.455e+11,0,0
"29","1962-05",3.87,2.69,2.74603337527594,1.12396662472406,0.0802383642637884,0,62.99,30.24,50500,146.8,347.5,3.475e+11,0,0
"30","1962-06",3.91,2.73,2.7871503265451,1.1228496734549,0.0687578872929263,0,55.63,30.21,50900,146.6,349.3,3.493e+11,0,0
"31","1962-07",4.01,2.92,2.98257023787803,1.02742976212197,0.058340255573145,0,56.97,30.22,51300,146.5,350.8,3.508e+11,0,0
"32","1962-08",3.98,2.82,2.87969408600977,1.10030591399023,0.0608816256576429,0,58.52,30.28,51200,146.6,352.8,3.528e+11,0,0
"33","1962-09",3.98,2.78,2.83855829101279,1.14144170898721,0.0569535721103226,0,58,30.42,51300,146.3,354.9,3.549e+11,0,0
"34","1962-10",3.93,2.74,2.79743087260487,1.13256912739513,0.0630198779990916,0,56.17,30.38,51600,146.7,357.2,3.572e+11,0,0
"35","1962-11",3.92,2.83,2.88997934390097,1.03002065609903,0.0769867358721778,0,60.04,30.38,51300,147.3,359.8,3.598e+11,0,0
"36","1962-12",3.86,2.87,2.93112561323356,0.928874386766439,0.0772837083602426,0,62.64,30.38,52300,147.8,362.7,3.627e+11,0,0
"37","1963-01",3.83,2.91,2.97228026491534,0.85771973508466,0.0872031134808205,0,65.06,30.44,51600,148.3,365.2,3.652e+11,0,0
"38","1963-02",3.92,2.92,2.98257023787803,0.937429762121974,0.0923612599224562,0,65.92,30.48,51000,148.9,367.9,3.679e+11,0,0
"39","1963-03",3.93,2.89,2.95170189112072,0.978298108879282,0.103253070013179,0,65.67,30.51,51200,149.2,370.7,3.707e+11,0,0
"40","1963-04",3.97,2.9,2.96199081600958,1.00800918399042,0.115117477480797,0,68.76,30.48,51500,149.7,373.3,3.733e+11,0,0
"41","1963-05",3.93,2.93,2.99286073493768,0.937139265062322,0.106607992732636,0,70.14,30.51,51700,150.4,376.1,3.761e+11,0,0
"42","1963-06",3.99,2.99,3.05461472557449,0.935385274425512,0.106738033437015,0,70.11,30.61,52200,150.4,378.4,3.784e+11,0,0
"43","1963-07",4.02,3.18,3.25029361013614,0.769706389863855,0.118273237674073,0,69.07,30.69,52800,151.3,381.1,3.811e+11,0,0
"44","1963-08",4,3.32,3.39459934315427,0.605400656845728,0.109387194564373,0,70.98,30.75,52600,151.8,383.6,3.836e+11,0,0
"45","1963-09",4.08,3.38,3.45647619298439,0.623523807015607,0.104588334361094,0,72.85,30.72,52900,152,386,3.86e+11,0,0
"46","1963-10",4.11,3.45,3.52868978214176,0.581310217858239,0.105610279745084,0,73.03,30.75,53100,152.6,388.3,3.883e+11,0,0
"47","1963-11",4.12,3.52,3.6009291563153,0.519070843684697,0.117948819008757,0,72.62,30.78,53800,153.6,391.5,3.915e+11,0,0
"48","1963-12",4.13,3.52,3.6009291563153,0.529070843684697,0.131084882721306,0,74.17,30.88,54900,153.3,393.2,3.932e+11,0,0
"49","1964-01",4.17,3.52,3.6009291563153,0.569070843684697,0.140910729190899,0,76.45,30.94,54200,153.7,395.2,3.952e+11,0,0
"50","1964-02",4.15,3.53,3.6112511726161,0.538748827383904,0.129936143194215,0,77.39,30.91,53500,154.3,397.6,3.976e+11,0,0
"51","1964-03",4.22,3.54,3.62157371546388,0.598426284536124,0.124544959646179,0,78.8,30.94,53800,154.5,399.8,3.998e+11,0,0
"52","1964-04",4.23,3.47,3.54932697160623,0.680673028393775,0.120725080238392,0,79.94,30.95,54100,154.8,401.7,4.017e+11,0,0
"53","1964-05",4.2,3.48,3.55964635577631,0.640353644223687,0.12997503389038,0,80.72,30.98,54300,155.3,404.2,4.042e+11,0,0
"54","1964-06",4.17,3.48,3.55964635577631,0.610353644223687,0.13021002301492,0,80.24,31.01,54900,155.6,407.1,4.071e+11,0,0
"55","1964-07",4.19,3.46,3.53900811374146,0.650991886258538,0.153739972121607,0,83.22,31.02,55400,156.8,410.1,4.101e+11,0,0
"56","1964-08",4.19,3.5,3.58028670319353,0.609713296806469,0.179697474061885,0,82,31.05,55400,157.8,413.4,4.134e+11,0,0
"57","1964-09",4.2,3.53,3.6112511726161,0.588748827383904,0.176706230645136,0,83.41,31.08,55900,158.7,416.9,4.169e+11,0,0
"58","1964-10",4.19,3.57,3.65254450369207,0.537455496307933,0.183722558221727,0,84.85,31.12,56200,159.2,419.1,4.191e+11,0,0
"59","1964-11",4.15,3.64,3.72482811289207,0.425171887107934,0.194379022209157,0,85.44,31.21,56800,160,422,4.22e+11,0,0
"60","1964-12",4.18,3.84,3.93149504523912,0.248504954760879,0.192641922459648,0,83.96,31.25,57700,160.3,424.7,4.247e+11,0,0
"61","1965-01",4.19,3.81,3.90048155443719,0.289518445562808,0.185788889762216,0,86.12,31.28,57100,160.7,427.5,4.275e+11,0,0
"62","1965-02",4.21,3.93,4.02456402309947,0.185435976900526,0.19096982545224,0,86.75,31.28,56500,160.9,430.4,4.304e+11,0,0
"63","1965-03",4.21,3.93,4.02456402309947,0.185435976900526,0.180857029048272,0,86.83,31.31,56700,161.5,433.2,4.332e+11,0,0
"64","1965-04",4.2,3.93,4.02456402309947,0.175435976900526,0.167481346977931,0,87.97,31.38,57100,162,435.4,4.354e+11,0,0
"65","1965-05",4.21,3.89,3.98319475307335,0.226805246926654,0.173956813820545,0,89.28,31.48,57200,161.7,437.1,4.371e+11,0,0
"66","1965-06",4.21,3.8,3.89014477957716,0.319855220422839,0.178876836492981,0,85.04,31.61,57800,162.2,440.1,4.401e+11,0,0
"67","1965-07",4.2,3.84,3.93149504523912,0.268504954760879,0.172232999584719,0,84.91,31.58,58400,163,442.9,4.429e+11,0,0
"68","1965-08",4.25,3.84,3.93149504523912,0.318504954760879,0.178982799732279,0,86.49,31.55,58200,163.7,445.8,4.458e+11,0,0
"69","1965-09",4.29,3.92,4.01422091345129,0.275779086548713,0.182473746476301,0,89.38,31.62,58600,164.8,449.5,4.495e+11,0,0
"70","1965-10",4.35,4.03,4.1280241751599,0.2219758248401,0.191192761752677,0,91.39,31.65,59100,166,452.6,4.526e+11,0,0
"71","1965-11",4.45,4.09,4.19012563500254,0.259874364997456,0.211151032601165,0,92.15,31.75,59600,166.7,455.7,4.557e+11,0,0
"72","1965-12",4.62,4.38,4.49055121958618,0.129448780413815,0.244907330825494,0,91.73,31.85,61000,167.8,459.2,4.592e+11,0,0
"73","1966-01",4.61,4.59,4.7083789669642,-0.0983789669642015,0.236821219192127,0,93.32,31.88,60500,169.1,462,4.62e+11,0,0
"74","1966-02",4.83,4.65,4.77065844783897,0.0593415521610252,0.257626223912241,0,92.69,32.08,59800,169.6,464.6,4.646e+11,0,0
"75","1966-03",4.87,4.59,4.7083789669642,0.161621033035798,0.257626223912241,0,88.88,32.18,59900,170.5,467.2,4.672e+11,0,0
"76","1966-04",4.75,4.62,4.73951631806784,0.0104836819321648,0.259673934260218,0,91.6,32.28,60500,171.8,469.3,4.693e+11,0,0
"77","1966-05",4.78,4.64,4.7602772068843,0.0197227931157,0.249244942889486,0,86.78,32.35,60600,171.3,470.1,4.701e+11,0,0
"78","1966-06",4.81,4.5,4.61499557466178,0.195004425338221,0.230935841426178,0,86.06,32.38,61100,171.6,471.2,4.712e+11,0,0
"79","1966-07",5.02,4.8,4.92644081522473,0.0935591847752733,0.240945733922546,0,85.84,32.45,62100,170.3,470.9,4.709e+11,0,0
"80","1966-08",5.22,4.96,5.09274053803465,0.127259461965353,0.231196046494615,0,80.65,32.65,61700,170.8,472.6,4.726e+11,0,0
"81","1966-09",5.18,5.37,5.51950602807611,-0.33950602807611,0.239513566450544,0,77.81,32.75,62400,172,475.4,4.754e+11,0,0
"82","1966-10",5.01,5.35,5.49866739503536,-0.488667395035359,0.250215836565748,0,77.13,32.85,62600,171.2,475.7,4.757e+11,0,0
"83","1966-11",5.16,5.32,5.4674134499835,-0.307413449983501,0.242650991614568,0,80.99,32.88,63000,171.4,477.3,4.773e+11,0,0
"84","1966-12",4.84,4.96,5.09274053803465,-0.252740538034647,0.269197761703403,0,81.33,32.92,64200,172,480.2,4.802e+11,0,0
"85","1967-01",4.58,4.72,4.84334200719248,-0.26334200719248,0.318811043346455,0,84.45,32.9,63800,171.9,481.6,4.816e+11,0,0
"86","1967-02",4.63,4.56,4.67724639342825,-0.0472463934282494,0.284046188125837,0,87.36,33,63300,173,485.1,4.851e+11,0,0
"87","1967-03",4.54,4.26,4.36618318257098,0.173816817429016,0.262516591764237,0,89.42,33,63200,174.8,489.7,4.897e+11,0,0
"88","1967-04",4.59,3.84,3.93149504523912,0.658504954760879,0.294620526099394,0,90.96,33.1,63300,174.2,492.1,4.921e+11,0,0
"89","1967-05",4.85,3.6,3.68352003229387,1.16647996770613,0.292607029899238,0,92.59,33.1,63400,175.7,497.2,4.972e+11,0,0
"90","1967-06",5.02,3.54,3.62157371546388,1.39842628453612,0.255674761946518,0,91.43,33.3,64000,177,502,5.02e+11,0,0
"91","1967-07",5.16,4.21,4.31438567488627,0.845614325113731,0.276750223971113,0,93.01,33.4,64800,178.1,506.3,5.063e+11,0,0
"92","1967-08",5.28,4.27,4.37654427244286,0.903455727557136,0.269655495325648,0,94.49,33.5,64700,179.7,510.8,5.108e+11,0,0
"93","1967-09",5.3,4.42,4.53202418802521,0.767975811974791,0.375093543457823,0,95.81,33.6,65200,180.7,514.7,5.147e+11,0,0
"94","1967-10",5.48,4.56,4.67724639342825,0.802753606571751,0.411388946536758,0,95.66,33.7,65900,181.6,518.2,5.182e+11,0,0
"95","1967-11",5.75,4.73,4.85372749797088,0.896272502029121,0.367415125614133,0,92.66,33.9,66500,182.4,521.2,5.212e+11,0,0
"96","1967-12",5.7,4.97,5.10313879395393,0.596861206046069,0.354456917777109,0,95.3,34,67800,183.3,524.8,5.248e+11,0,0
"97","1968-01",5.53,5,5.1343367562245,0.395663243775496,0.356957022017933,0,95.04,34.1,67700,184.3,527.4,5.274e+11,0,0
"98","1968-02",5.56,4.98,5.11353758226474,0.446462417735257,0.307343984487858,0,90.75,34.2,67200,184.7,530.4,5.304e+11,0,0
"99","1968-03",5.74,5.17,5.31121576896739,0.428784231032609,0.260006279736825,0,89.09,34.3,67500,185.5,533.2,5.332e+11,0,0
"100","1968-04",5.64,5.38,5.52992614562148,0.110073854378517,0.171022176935187,0,95.67,34.4,68000,186.6,535.7,5.357e+11,0,0
"101","1968-05",5.87,5.66,5.82190642001931,0.0480935799806899,0.10174309636205,0,97.87,34.5,68100,188,538.9,5.389e+11,0,0
"102","1968-06",5.72,5.52,5.67586388744278,0.0441361125572151,0.078021859463011,0,100.5,34.7,68900,189.4,542.6,5.426e+11,0,0
"103","1968-07",5.5,5.31,5.45699653600452,0.0430034639954791,0.142630864483223,0,100.3,34.9,69700,190.5,545.6,5.456e+11,0,1
"104","1968-08",5.42,5.09,5.22795940322162,0.192040596778384,0.13453918133805,0,98.11,35,69900,191.8,549.4,5.494e+11,0,1
"105","1968-09",5.46,5.19,5.33203519168559,0.127964808314412,0.153999745943887,0,101.3,35.1,70000,192.7,553.6,5.536e+11,0,1
"106","1968-10",5.58,5.35,5.49866739503536,0.0813326049646417,0.148834989622667,0,103.8,35.3,70800,194,557.6,5.576e+11,0,1
"107","1968-11",5.7,5.45,5.60288192473816,0.0971180752618377,0.13552657713256,0,105.4,35.4,71700,196,562.4,5.624e+11,0,1
"108","1968-12",6.03,5.96,6.13520809619591,-0.105208096195912,0.181117880954692,0,106.5,35.6,73100,197.4,566.8,5.668e+11,0,1
"109","1969-01",6.04,6.14,6.32342078131534,-0.283420781315336,0.216591990511476,0,102,35.7,72900,198.7,569.3,5.693e+11,1,1
"110","1969-02",6.19,6.12,6.30249966989325,-0.112499669893249,0.207275602972875,0,101.5,35.8,72000,199.3,571.9,5.719e+11,1,1
"111","1969-03",6.3,6.02,6.19792633344409,0.102073666555907,0.210490517112863,0,99.3,36.1,71800,200,574.4,5.744e+11,1,1
"112","1969-04",6.17,6.11,6.29203991988487,-0.122039919884866,0.273262078223592,0,101.3,36.3,72400,200.7,575.7,5.757e+11,1,1
"113","1969-05",6.32,6.04,6.21883670574854,0.101163294251456,0.286464444001855,0,104.6,36.4,73400,200.8,576.5,5.765e+11,1,1
"114","1969-06",6.57,6.44,6.63749549612639,-0.0674954961263872,0.28731759631976,0,99.14,36.6,73500,201.3,578.5,5.785e+11,1,1
"115","1969-07",6.72,7,7.22506574668439,-0.505065746684388,0.287561994215878,0,94.71,36.8,73700,201.7,579.5,5.795e+11,1,1
"116","1969-08",6.69,6.98,7.20405193635936,-0.514051936359355,0.256278401355455,0,94.18,36.9,73800,201.7,580.1,5.801e+11,1,1
"117","1969-09",7.16,7.09,7.3196546665079,-0.159654666507896,0.26950798187367,0,94.51,37.1,73800,202.1,582.1,5.821e+11,1,1
"118","1969-10",7.1,7,7.22506574668439,-0.125065746684388,0.279346637053037,0,95.52,37.3,74400,202.9,583.4,5.834e+11,1,1
"119","1969-11",7.14,7.24,7.47740028906804,-0.337400289068044,0.275996692480103,0,96.21,37.5,75600,203.6,585.4,5.854e+11,1,1
"120","1969-12",7.65,7.82,8.08849825353275,-0.43849825353275,0.320356093119482,0,91.11,37.7,76800,203.9,587.9,5.879e+11,1,1
"121","1970-01",7.79,7.87,8.14126470964178,-0.351264709641783,0.361708920016678,1,90.31,37.9,76400,206.2,589.6,5.896e+11,1,1
"122","1970-02",7.24,7.13,7.36170825463485,-0.121708254634853,0.32200921197745,1,87.16,38.1,75200,205,586.3,5.863e+11,1,1
"123","1970-03",7.07,6.63,6.83666005870044,0.233339941299564,0.274949115724702,1,88.65,38.3,75300,205.7,587.3,5.873e+11,1,1
"124","1970-04",7.39,6.51,6.71084928400945,0.679150715990554,0.324177468253494,1,85.95,38.5,76300,206.7,588.4,5.884e+11,1,1
"125","1970-05",7.91,6.84,7.05701580323798,0.852984196762016,0.275141414968911,1,76.06,38.6,76600,207.2,591.5,5.915e+11,1,1
"126","1970-06",7.84,6.68,6.88910412826358,0.950895871736421,0.311863411836632,1,75.59,38.8,76900,207.6,595.2,5.952e+11,1,1
"127","1970-07",7.46,6.45,6.64797299300682,0.812027006993184,0.415432080216568,1,75.72,38.9,78000,208,599.1,5.991e+11,1,1
"128","1970-08",7.53,6.41,6.60606623600342,0.923933763996579,0.41765152399898,1,77.92,39,78200,209.9,604.9,6.049e+11,1,1
"129","1970-09",7.39,6.12,6.30249966989325,1.08750033010675,0.332784005178543,1,82.58,39.2,78700,211.8,611.2,6.112e+11,1,1
"130","1970-10",7.33,5.91,6.0829576515156,1.2470423484844,0.324866413782035,1,84.37,39.4,78700,212.9,616.4,6.164e+11,1,1
"131","1970-11",6.84,5.28,5.42574899660806,1.41425100339194,0.374588169366525,1,84.28,39.6,79500,213.7,621.1,6.211e+11,0,0
"132","1970-12",6.39,4.87,4.99918018563522,1.39081981436478,0.399079430496965,0,90.05,39.8,81000,214.4,626.5,6.265e+11,0,0
"133","1971-01",6.24,4.44,4.55276385297657,1.68723614702343,0.377919529700336,0,93.49,39.9,81200,215.5,632.9,6.329e+11,0,0
"134","1971-02",6.11,3.7,3.78680604430886,2.32319395569114,0.324101988482584,0,97.11,39.9,80600,217.4,641,6.41e+11,0,0
"135","1971-03",5.7,3.38,3.45647619298439,2.24352380701561,0.24793442186022,0,99.6,40,80800,218.8,649.9,6.499e+11,0,0
"136","1971-04",5.83,3.86,3.95217334469605,1.87782665530395,0.167722979664669,0,103,40.1,81600,220,658.4,6.584e+11,0,0
"137","1971-05",6.39,4.14,4.24189139343227,2.14810860656773,0.14158194901759,0,101.6,40.3,82400,222,666.7,6.667e+11,0,0
"138","1971-06",6.52,4.75,4.87450007380281,1.64549992619719,0.128142185991471,0,99.72,40.5,82900,223.5,673,6.73e+11,0,0
"139","1971-07",6.73,5.4,5.55076798296751,1.17923201703249,0.14747759912883,0,99,40.6,84200,224.9,679.6,6.796e+11,0,0
"140","1971-08",6.58,4.94,5.07194562320713,1.50805437679287,0.131751451886613,0,97.24,40.7,84100,225.6,685.5,6.855e+11,0,0
"141","1971-09",6.14,4.69,4.81218872291817,1.32781127708183,0.110912873019127,0,99.4,40.8,84400,226.5,692.5,6.925e+11,0,0
"142","1971-10",5.93,4.46,4.57350563884954,1.35649436115046,0.092971273536541,0,97.29,40.9,84700,227.2,698.4,6.984e+11,0,0
"143","1971-11",5.81,4.22,4.32474411766853,1.48525588233147,0.0765709938086269,0,92.78,41,85500,227.8,704.6,7.046e+11,0,0
"144","1971-12",5.93,4.01,4.10732791751052,1.82267208248948,0.0787266267015403,0,99.17,41.1,86800,228.3,710.3,7.103e+11,0,0
"145","1972-01",5.95,3.38,3.45647619298439,2.49352380701561,0.054652977498633,0,103.3,41.2,87200,230.1,717.7,7.177e+11,0,0
"146","1972-02",6.08,3.2,3.27090241061027,2.80909758938973,0.0225413631877318,0,105.2,41.4,86100,232.3,725.7,7.257e+11,0,0
"147","1972-03",6.07,3.73,3.81780212711126,2.25219787288874,0.0253831145044734,0,107.7,41.4,86700,234.3,733.5,7.335e+11,0,0
"148","1972-04",6.19,3.71,3.79713754462334,2.39286245537666,0.0425379953258927,0,108.8,41.5,87900,235.6,738.4,7.384e+11,0,0
"149","1972-05",6.13,3.69,3.77647507122687,2.35352492877313,0.029175427554089,0,107.7,41.6,88500,235.9,743.3,7.433e+11,0,0
"150","1972-06",6.11,3.91,4.0038783319245,2.1061216680755,0.0576395965860383,0,108,41.7,88900,236.6,749.7,7.497e+11,0,1
"151","1972-07",6.11,3.98,4.07628749457739,2.03371250542261,0.100315856666685,0,107.2,41.8,90100,238.8,759.5,7.595e+11,0,1
"152","1972-08",6.21,4.02,4.11767578207216,2.09232421792784,0.068388842153505,0,111,41.9,90100,240.9,768.7,7.687e+11,0,1
"153","1972-09",6.55,4.66,4.78104021987894,1.76895978012106,0.0847511859061801,0,109.4,42.1,90200,243.2,778.3,7.783e+11,0,1
"154","1972-10",6.48,4.74,4.86411352016073,1.61588647983927,0.0819671145957491,0,109.6,42.2,91400,245,786.9,7.869e+11,0,1
"155","1972-11",6.28,4.78,4.90566292385046,1.37433707614954,0.0703125814342987,0,115.1,42.4,90500,246.4,793.9,7.939e+11,0,1
"156","1972-12",6.36,5.07,5.20715064142878,1.15284935857122,0.0457967317522509,0,117.5,42.5,91400,249.2,802.3,8.023e+11,1,1
"157","1973-01",6.46,5.41,5.56118970285028,0.898810297149716,0.0173560700623043,0,118.4,42.7,91700,251.5,810.3,8.103e+11,1,1
"158","1973-02",6.64,5.6,5.75930392444154,0.880696075558461,0.0104037638846864,0,114.2,43,90300,252.2,814.1,8.141e+11,1,1
"159","1973-03",6.71,6.09,6.27112203106658,0.438877968933423,0.0250598335229381,0,112.4,43.4,91100,251.7,815.3,8.153e+11,1,1
"160","1973-04",6.67,6.26,6.44899258657975,0.221007413420249,0.0202808847988292,0,110.3,43.7,92600,252.7,819.7,8.197e+11,1,1
"161","1973-05",6.85,6.36,6.55369490170305,0.296305098296953,0.0215323841237504,0,107.2,43.9,93100,254.9,826.8,8.268e+11,1,1
"162","1973-06",6.9,7.19,7.42480487731043,-0.524804877310429,0.0309874681813494,0,104.8,44.2,93700,256.7,833.3,8.333e+11,1,1
"163","1973-07",7.13,8.01,8.28908321234189,-1.15908321234189,0.0343307979126301,0,105.8,44.2,95600,257.5,836.5,8.365e+11,1,1
"164","1973-08",7.4,8.67,8.9873826468581,-1.5873826468581,0.0316028852532311,0,103.8,45,95800,257.7,838.8,8.388e+11,1,1
"165","1973-09",7.09,8.29,8.58504080366321,-1.49504080366321,0.0491601872395553,0,105.6,45.2,96200,257.9,839.3,8.393e+11,1,1
"166","1973-10",6.79,7.22,7.45636049931273,-0.666360499312734,0.0598354838184789,0,109.8,45.6,97500,259,842.6,8.426e+11,1,1
"167","1973-11",6.73,7.83,8.09905045615342,-1.36905045615342,0.0802703509341628,0,102,45.9,98300,261,848.9,8.489e+11,1,1
"168","1973-12",6.74,7.45,7.6984489858318,-0.958448985831795,0.103284950907319,1,94.78,46.3,100100,262.9,855.5,8.555e+11,1,1
"169","1974-01",6.99,7.77,8.0357454028328,-1.0457454028328,0.135177169782234,1,96.11,46.8,100400,263.8,859.7,8.597e+11,1,1
"170","1974-02",6.96,7.12,7.35119404572517,-0.391194045725174,0.137684713939703,1,93.45,47.3,99100,265.3,864.2,8.642e+11,1,1
"171","1974-03",7.21,7.96,8.2362786330737,-1.0262786330737,0.208651322348693,1,97.44,47.8,99600,266.7,870.1,8.701e+11,1,1
"172","1974-04",7.51,8.33,8.62735539471829,-1.11735539471829,0.250410764450545,1,92.46,48.1,101700,267.2,872.9,8.729e+11,1,1
"173","1974-05",7.58,8.23,8.52158530223338,-0.94158530223338,0.235497480876568,1,89.67,48.6,102800,267.6,874.6,8.746e+11,1,1
"174","1974-06",7.54,7.9,8.17293111609332,-0.63293111609332,0.42031077248121,1,89.79,49,103600,268.5,877.8,8.778e+11,1,1
"175","1974-07",7.81,7.55,7.80379435872676,0.00620564127324386,0.579415992556541,1,79.31,49.3,105100,269.3,881.4,8.814e+11,1,1
"176","1974-08",8.04,8.96,9.29496507566938,-1.25496507566938,0.681362857716291,1,76.03,49.9,105000,270.1,884.1,8.841e+11,1,1
"177","1974-09",8.04,8.06,8.34190141703723,-0.301901417037227,0.660218976184128,1,68.12,50.6,105300,271,887.9,8.879e+11,1,1
"178","1974-10",7.9,7.46,7.7089810804521,0.191018919547897,0.45561238935559,1,69.44,51,105700,272.3,893.3,8.933e+11,1,1
"179","1974-11",7.68,7.47,7.7195137177759,-0.0395137177759031,0.630549453672366,1,71.74,51.5,106900,273.7,898.6,8.986e+11,1,1
"180","1974-12",7.43,7.15,7.3827382964609,0.0472617035391023,0.529255378232637,1,67.07,51.9,108600,274.2,902.1,9.021e+11,1,1
"181","1975-01",7.5,6.26,6.44899258657975,1.05100741342025,0.551185405906714,1,72.56,52.3,107700,273.9,906.3,9.063e+11,1,1
"182","1975-02",7.39,5.5,5.65500922548205,1.73499077451795,0.38756384533503,1,80.1,52.6,105500,275,914.1,9.141e+11,1,1
"183","1975-03",7.73,5.49,5.64458269636886,2.08541730363114,0.546306228271969,1,83.78,52.8,105700,276.4,925,9.25e+11,0,0
"184","1975-04",8.23,5.61,5.76973633602512,2.46026366397488,0.569061753788433,0,84.72,53,106800,276.2,935.1,9.351e+11,0,0
"185","1975-05",8.06,5.23,5.37368043695444,2.68631956304556,0.525006656561223,0,90.1,53.1,107000,279.2,947.9,9.479e+11,0,0
"186","1975-06",7.86,5.34,5.48824887945788,2.37175112054212,0.44723327330763,0,92.4,53.5,108400,282.4,963,9.63e+11,0,0
"187","1975-07",8.06,6.13,6.31295995702295,1.74704004297705,0.295555007206405,0,92.49,54,109500,283.7,975.1,9.751e+11,0,0
"188","1975-08",8.4,6.44,6.63749549612639,1.76250450387361,0.60298956385231,0,85.71,54.2,109100,284.1,983.1,9.831e+11,0,0
"189","1975-09",8.43,6.42,6.61654211766619,1.81345788233381,0.366101545996541,0,84.67,54.6,109200,285.7,991.5,9.915e+11,0,0
"190","1975-10",8.14,5.96,6.13520809619591,2.00479190380409,0.256486657186774,0,88.57,54.9,109700,285.4,997.8,9.978e+11,0,0
"191","1975-11",8.05,5.48,5.63415670177898,2.41584329822102,0.305625756464416,0,90.07,55.3,111100,286.8,1006.9,1.0069e+12,0,0
"192","1975-12",8,5.44,5.59245806783052,2.40754193216948,0.286643680418663,0,88.7,55.6,113100,287.1,1016.2,1.0162e+12,0,0
"193","1976-01",7.74,4.87,4.99918018563522,2.74081981436478,0.115344153041234,0,96.86,55.8,111900,288.4,1026.6,1.0266e+12,0,0
"194","1976-02",7.79,4.88,5.00957365187007,2.78042634812993,0.0513872478232508,0,100.6,55.9,110600,290.8,1040.3,1.0403e+12,0,0
"195","1976-03",7.73,5,5.1343367562245,2.5956632437755,0.0319147327519384,0,101.1,56,111300,292.7,1050,1.05e+12,0,0
"196","1976-04",7.56,4.86,4.98878725138324,2.57121274861676,0.018279864151919,0,101.9,56.1,113100,294.7,1060.8,1.0608e+12,0,0
"197","1976-05",7.9,5.2,5.34244570296227,2.55755429703773,0.0127500833957414,0,101.2,56.4,113600,295.9,1072.1,1.0721e+12,0,0
"198","1976-06",7.86,5.41,5.56118970285028,2.29881029714972,0.0209446392634174,0,101.8,56.7,114400,296.2,1077.6,1.0776e+12,0,0
"199","1976-07",7.83,5.23,5.37368043695444,2.45631956304556,0.050588269169899,0,104.2,57,115600,297.2,1086.3,1.0863e+12,0,0
"200","1976-08",7.77,5.14,5.27999063386342,2.49000936613658,0.0495773666894401,0,103.3,57.3,115500,299,1098.7,1.0987e+12,0,0
"201","1976-09",7.59,5.08,5.21755475590443,2.37244524409557,0.0463602077324848,0,105.5,57.6,115600,299.6,1110.8,1.1108e+12,0,0
"202","1976-10",7.41,4.92,5.05115283745515,2.35884716254485,0.0357464931358918,0,101.9,57.9,116600,302,1125,1.125e+12,0,0
"203","1976-11",7.29,4.75,4.87450007380281,2.41549992619719,0.0195787088973266,0,101.2,58.1,118300,303.6,1138.2,1.1382e+12,0,0
"204","1976-12",6.87,4.35,4.45945205825725,2.41054794174275,0.0198299363625915,0,104.7,58.4,120300,306.2,1152,1.152e+12,0,0
"205","1977-01",7.21,4.62,4.73951631806784,2.47048368193216,0.0116573235526036,0,103.8,58.7,119700,308.3,1165.2,1.1652e+12,0,0
"206","1977-02",7.39,4.67,4.79142252304496,2.59857747695504,0.0109150854587516,0,101,59.3,117800,311.5,1177.6,1.1776e+12,0,0
"207","1977-03",7.46,4.6,4.71875755310359,2.74124244689641,0.0147643691710997,0,100.6,59.6,118700,313.9,1188.5,1.1885e+12,0,0
"208","1977-04",7.37,4.54,4.65649399806558,2.71350600193442,0.0153523951277149,0,99.05,60,120600,316,1199.6,1.1996e+12,0,0
"209","1977-05",7.46,4.96,5.09274053803465,2.36725946196535,0.0156895483574896,0,98.76,60.2,121000,317.2,1209,1.209e+12,0,0
"210","1977-06",7.28,5.02,5.15513806024109,2.12486193975891,0.0233811420881462,0,99.29,60.5,121800,318.8,1217.8,1.2178e+12,0,0
"211","1977-07",7.33,5.19,5.33203519168559,1.99796480831441,0.0183921401999311,0,100.2,60.8,124100,320.2,1226.7,1.2267e+12,0,0
"212","1977-08",7.4,5.49,5.64458269636886,1.75541730363114,0.0174517608151911,0,97.75,61.1,124200,322.3,1237,1.237e+12,0,0
"213","1977-09",7.34,5.81,5.9784969760051,1.3615030239949,0.0209225267544804,0,96.23,61.3,124400,324.5,1246.2,1.2462e+12,0,0
"214","1977-10",7.52,6.16,6.3443440415537,1.1756559584463,0.0213593327953332,0,93.74,61.6,125700,326.4,1254,1.254e+12,0,0
"215","1977-11",7.58,6.1,6.28158070695643,1.29841929304357,0.0195890466520003,0,94.28,62,127600,328.6,1262.4,1.2624e+12,0,0
"216","1977-12",7.69,6.07,6.25020629023718,1.43979370976282,0.0197386501410772,0,93.82,62.3,129900,330.9,1270.3,1.2703e+12,0,0
"217","1978-01",7.96,6.44,6.63749549612639,1.32250450387361,0.0179916464248877,0,90.25,62.7,130200,334.4,1279.7,1.2797e+12,0,0
"218","1978-02",8.03,6.45,6.64797299300682,1.38202700699318,0.0146955920486312,0,88.98,63,128700,335.3,1285.5,1.2855e+12,0,0
"219","1978-03",8.04,6.29,6.48039763337126,1.55960236662874,0.0116491775906528,0,88.82,63.4,129100,337,1292.2,1.2922e+12,0,0
"220","1978-04",8.15,6.29,6.48039763337126,1.66960236662874,0.0121943743879317,0,92.71,63.9,131200,339.9,1300.4,1.3004e+12,0,0
"221","1978-05",8.35,6.41,6.60606623600342,1.74393376399658,0.0210882074740133,0,97.41,64.5,132300,344.9,1310.5,1.3105e+12,0,0
"222","1978-06",8.46,6.73,6.94156168394722,1.51843831605278,0.0301674974405412,0,97.66,65,133600,346.9,1318.5,1.3185e+12,0,0
"223","1978-07",8.64,7.01,7.23557346299384,1.40442653700616,0.0360875749744034,0,97.19,65.5,135700,347.6,1324.1,1.3241e+12,0,0
"224","1978-08",8.41,7.08,7.30914262246675,1.10085737753325,0.0500386334864263,0,103.9,65.9,135200,349.6,1333.5,1.3335e+12,0,1
"225","1978-09",8.42,7.85,8.12015649421224,0.299843505787763,0.0814881073144585,0,103.9,66.5,136200,352.2,1345,1.345e+12,0,1
"226","1978-10",8.64,7.99,8.26795974587863,0.372040254121366,0.10071461521786,0,100.6,67.1,137600,353.3,1352.3,1.3523e+12,0,1
"227","1978-11",8.81,8.64,8.95559008751125,-0.145590087511245,0.0876770159179576,0,94.71,67.5,140700,355.4,1359.1,1.3591e+12,0,1
"228","1978-12",9.01,9.08,9.42237556903279,-0.41237556903279,0.0742725717464054,0,96.11,67.9,144700,357.3,1366,1.366e+12,0,1
"229","1979-01",9.1,9.35,9.70933863265541,-0.609338632655414,0.0852739617841161,0,99.71,68.5,144300,358.6,1371.6,1.3716e+12,0,1
"230","1979-02",9.1,9.32,9.6774340376674,-0.577434037667404,0.079547311665623,0,98.23,69.2,141600,359.9,1377.8,1.3778e+12,1,1
"231","1979-03",9.12,9.48,9.8476491661857,-0.727649166185698,0.0641891260844238,0,100.1,69.9,142300,362.5,1387.8,1.3878e+12,1,1
"232","1979-04",9.18,9.46,9.8263645609995,-0.646364560999503,0.0558995639055164,0,102.1,70.6,144400,368,1402.1,1.4021e+12,1,1
"233","1979-05",9.25,9.61,9.98605286360418,-0.736052863604179,0.0507932915622646,0,99.73,71.4,144500,369.6,1410.2,1.4102e+12,1,1
"234","1979-06",8.91,9.06,9.40113499323678,-0.491134993236777,0.0675262188117005,0,101.7,72.2,145900,373.4,1423,1.423e+12,1,1
"235","1979-07",8.95,9.24,9.59237934012075,-0.642379340120755,0.0774692995747872,0,102.7,73,148100,377.2,1434.8,1.4348e+12,1,1
"236","1979-08",9.03,9.52,9.89022499208737,-0.860224992087366,0.109321832536265,0,107.4,73.7,148600,378.8,1446.6,1.4466e+12,1,1
"237","1979-09",9.33,10.26,10.6794721091508,-1.34947210915083,0.234808936171412,0,108.6,74.4,149600,379.3,1454.1,1.4541e+12,1,1
"238","1979-10",10.3,11.7,12.2240255558132,-1.92402555581317,0.221005584825537,0,104.5,75.2,151500,380.8,1460.4,1.4604e+12,1,1
"239","1979-11",10.65,11.79,12.3209449622371,-1.67094496223707,0.329555289767692,0,103.7,76,153800,380.8,1465.9,1.4659e+12,1,1
"240","1979-12",10.39,12.04,12.590404178733,-2.20040417873297,0.392708646750824,0,107.8,76.9,156700,381.8,1473.7,1.4737e+12,1,1
"241","1980-01",10.8,12,12.5472671020969,-1.74726710209694,0.441333708258026,0,110.9,78,156000,385.8,1482.7,1.4827e+12,1,1
"242","1980-02",12.41,12.86,13.4767012329119,-1.06670123291187,0.433376505123917,1,115.3,79,153900,390.1,1494.6,1.4946e+12,1,1
"243","1980-03",12.75,15.2,16.0269002334127,-3.27690023341268,0.47102318909673,1,104.7,80.1,155000,388.4,1499.8,1.4998e+12,1,1
"244","1980-04",11.47,13.2,13.8453050105176,-2.3753050105176,0.450597766963545,1,103,80.9,157900,383.8,1502.2,1.5022e+12,1,1
"245","1980-05",10.18,8.58,8.89201975512234,1.28798024487766,0.473140177538222,1,107.7,81.7,157900,384.8,1512.3,1.5123e+12,1,1
"246","1980-06",9.78,7.07,7.29863111953826,2.48136888046174,0.411996760969422,1,114.6,82.5,158900,389.1,1529.2,1.5292e+12,1,1
"247","1980-07",10.25,8.06,8.34190141703723,1.90809858296277,0.449599260913783,1,119.8,82.6,159900,394,1545.5,1.5455e+12,0,1
"248","1980-08",11.1,9.13,9.47548662649701,1.62451337350299,0.504477003848422,0,123.5,83.2,158400,399.2,1561.5,1.5615e+12,1,1
"249","1980-09",11.51,10.27,10.6901583696535,0.81984163034647,0.625862917059801,0,126.5,83.9,159400,404.8,1574,1.574e+12,1,1
"250","1980-10",11.75,11.62,12.1379131134564,-0.387913113456417,0.753204397081867,0,130.2,84.7,160900,409,1584.8,1.5848e+12,1,1
"251","1980-11",12.68,13.73,14.4212022997033,-1.74120229970329,0.700002659282693,0,135.7,85.6,162000,410.7,1595.8,1.5958e+12,1,1
"252","1980-12",12.84,15.49,16.3451372793789,-3.50513727937888,0.804983038184662,0,133.5,86.4,163400,408.5,1599.8,1.5998e+12,1,1
"253","1981-01",12.57,15.02,15.8296177249678,-3.25961772496779,0.716582878867624,0,133,87.2,161100,411.3,1606.9,1.6069e+12,1,1
"254","1981-02",13.19,14.79,15.5778059225875,-2.38780592258754,0.556429144416494,0,128.4,88,159000,414.8,1618.7,1.6187e+12,1,1
"255","1981-03",13.12,13.36,14.0189925092513,-0.898992509251316,0.938338911255664,0,133.2,88.6,159800,419,1636.6,1.6366e+12,1,1
"256","1981-04",13.68,13.69,14.3776825886706,-0.697682588670551,0.834043556119956,0,134.4,89.1,162400,427.4,1659.2,1.6592e+12,1,1
"257","1981-05",14.1,16.3,17.2365840303389,-3.13658403033894,0.088734106989106,0,131.7,89.7,163200,424.7,1664.2,1.6642e+12,1,1
"258","1981-06",13.47,14.73,15.5121659039625,-2.04216590396245,0.0176889399490398,0,132.3,90.5,163900,425.2,1670.3,1.6703e+12,1,1
"259","1981-07",14.28,14.95,15.7529471370153,-1.47294713701535,0.0408307120907044,0,129.1,91.5,166000,426.9,1681.9,1.6819e+12,1,1
"260","1981-08",14.94,15.51,16.3671025618564,-1.42710256185638,0.0591891251807711,1,129.6,92.2,166100,426.9,1694.3,1.6943e+12,1,1
"261","1981-09",15.32,14.7,15.4793536493539,-0.159353649353909,0.146340195992152,1,118.3,93.1,164700,427,1706,1.706e+12,1,1
"262","1981-10",15.15,13.54,14.2145648308524,0.935435169147601,0.386768674259111,1,119.8,93.4,165000,428.4,1721.8,1.7218e+12,1,1
"263","1981-11",13.39,10.86,11.3216309729251,2.06836902707492,0.715281568784198,1,122.9,93.8,167200,431.3,1736.1,1.7361e+12,1,1
"264","1981-12",13.72,10.85,11.3109119132656,2.40908808673437,0.954049291027109,1,123.8,94.1,170700,436.7,1755.5,1.7555e+12,1,1
"265","1982-01",14.59,12.28,12.8494156958844,1.74058430411564,0.936996340848616,1,117.3,94.4,169800,442.7,1770.4,1.7704e+12,1,1
"266","1982-02",14.43,13.48,14.1493535848748,0.28064641512516,0.83600763090817,1,114.5,94.7,167500,441.9,1774.5,1.7745e+12,1,1
"267","1982-03",13.86,12.68,13.2818230551924,0.578176944807629,0.514264036363734,1,110.8,94.7,166200,442.7,1786.5,1.7865e+12,1,1
"268","1982-04",13.87,12.7,13.3034671380972,0.566532861902806,0.463481339812632,1,116.3,95,168700,447.1,1803.9,1.8039e+12,1,1
"269","1982-05",13.62,12.09,12.6443381783454,0.975661821654615,0.926771118130194,1,116.4,95.9,170000,446.7,1815.4,1.8154e+12,1,1
"270","1982-06",14.3,12.47,13.0546966132161,1.24530338678391,0.776190657295968,1,109.7,97,171700,447.5,1826,1.826e+12,1,1
"271","1982-07",13.95,11.35,11.8475483418008,2.10245165819919,0.655081226854479,1,109.4,97.5,173400,448,1831.5,1.8315e+12,1,1
"272","1982-08",13.06,8.68,8.9979812622053,4.0620187377947,0.644329588103623,1,109.7,97.7,174000,451.4,1845.2,1.8452e+12,1,1
"273","1982-09",12.34,7.92,8.19404477642401,4.14595522357599,0.33271477148984,1,122.4,97.7,173400,456.9,1858.4,1.8584e+12,1,1
"274","1982-10",10.91,7.71,7.97245993372502,2.93754006627498,0.130203334360324,1,132.7,98.1,175000,464.5,1869.7,1.8697e+12,1,1
"275","1982-11",10.55,8.07,8.35246669349165,2.19753330650835,0.0326953538866972,1,138.1,98,177500,471.5,1883.7,1.8837e+12,0,0
"276","1982-12",10.54,7.94,8.21516061530507,2.32483938469493,0.0197829382316708,0,139.4,97.7,180700,474.8,1905.9,1.9059e+12,0,0
"277","1983-01",10.46,7.86,8.13071032973461,2.32928967026539,0.0510151052858077,0,144.3,97.9,178900,477.2,1959.4,1.9594e+12,0,0
"278","1983-02",10.72,8.11,8.39473325243414,2.32526674756586,0.238557864018852,0,146.8,98,177000,484.3,1996.8,1.9968e+12,0,0
"279","1983-03",10.51,8.35,8.64851596829185,1.86148403170815,0.18425016963988,0,151.9,98.1,177300,490.6,2015.2,2.0152e+12,0,0
"280","1983-04",10.4,8.21,8.50043783644405,1.89956216355595,0.186219166179523,0,157.7,98.8,180000,493.2,2028.6,2.0286e+12,0,0
"281","1983-05",10.38,8.19,8.47929255410128,1.90070744589872,0.124887937006669,0,164.1,99.2,181400,500,2043.1,2.0431e+12,0,0
"282","1983-06",10.85,8.79,9.11460219868631,1.73539780131369,0.0931545159012126,0,166.4,99.4,183300,504,2053.5,2.0535e+12,0,0
"283","1983-07",11.38,9.08,9.42237556903279,1.95762443096721,0.0311501879729819,0,167,99.8,185300,507.8,2064.8,2.0648e+12,0,0
"284","1983-08",11.85,9.34,9.69870321700731,2.15129678299269,0.000952818254381967,0,162.4,100.1,185400,510.5,2074,2.074e+12,0,0
"285","1983-09",11.65,9,9.33742645177795,2.31257354822205,0.000795123777021005,0,167.2,100.4,184900,512.8,2083.2,2.0832e+12,0,0
"286","1983-10",11.54,8.64,8.95559008751125,2.58440991248875,0.00836102251080354,0,167.7,100.8,186400,517.2,2099.2,2.0992e+12,0,0
"287","1983-11",11.69,8.76,9.08278991126852,2.60721008873148,0.0271560786731981,0,165.2,101.1,189100,519,2112.3,2.1123e+12,0,0
"288","1983-12",11.83,9,9.33742645177795,2.49257354822205,0.02248562205339,0,164.4,101.4,192200,521.4,2123.5,2.1235e+12,0,0
"289","1984-01",11.67,8.9,9.23128948198499,2.43871051801501,0.0223354446298646,0,166.4,102.1,191300,525.1,2138.2,2.1382e+12,0,0
"290","1984-02",11.84,9.09,9.43299668124327,2.40700331875673,0.0224711635876126,0,157.3,102.6,186800,527.5,2158.2,2.1582e+12,0,0
"291","1984-03",12.32,9.52,9.89022499208737,2.42977500791264,0.0434834161204304,0,157.4,102.9,189100,531.4,2175.2,2.1752e+12,0,0
"292","1984-04",12.63,9.69,10.0712707168161,2.55872928318385,0.0413064256491394,0,157.6,103.3,192200,535,2191.7,2.1917e+12,0,0
"293","1984-05",13.41,9.83,10.2204870067257,3.18951299327427,0.0412423421447953,0,156.6,103.5,192800,536.7,2204.1,2.2041e+12,0,0
"294","1984-06",13.56,9.87,10.2631401268823,3.29685987311773,0.0513600953235301,0,153.1,103.7,195700,540.2,2215.1,2.2151e+12,0,0
"295","1984-07",13.36,10.12,10.5299226775617,2.83007732243833,0.0381577659372375,0,151.1,104.1,197500,540.9,2223.5,2.2235e+12,0,0
"296","1984-08",12.72,10.47,10.9040001164143,1.81599988358567,0.0290415070506927,0,164.4,104.4,196700,541,2230.4,2.2304e+12,0,0
"297","1984-09",12.52,10.37,10.7970514882762,1.72294851172385,0.0229039536375747,0,166.1,104.7,197900,543.1,2244.4,2.2444e+12,0,0
"298","1984-10",12.16,9.74,10.1245498190733,2.03545018092674,0.0150325573543429,0,164.8,105.1,198100,543.7,2258.9,2.2589e+12,0,0
"299","1984-11",11.57,8.61,8.92380245731474,2.64619754268526,0.0144934739889885,0,166.3,105.3,200600,547.5,2281.4,2.2814e+12,0,0
"300","1984-12",11.5,8.06,8.34190141703723,3.15809858296277,0.0173818992830695,0,164.5,105.5,204800,551.6,2306.4,2.3064e+12,0,0
"301","1985-01",11.38,7.76,8.02519646487886,3.35480353512114,0.0189006061915216,0,171.6,105.7,203200,557,2332.4,2.3324e+12,0,0
"302","1985-02",11.51,8.27,8.56388678550464,2.94611321449536,0.0198463307190276,0,180.9,106.3,200200,563.6,2354.1,2.3541e+12,0,0
"303","1985-03",11.86,8.52,8.82846913016669,3.03153086983331,0.0191631629221371,0,179.4,106.8,202700,566.6,2366.2,2.3662e+12,0,0
"304","1985-04",11.43,7.95,8.22571935180736,3.20428064819264,0.0156602966815046,0,180.6,107,205500,570.4,2375.4,2.3754e+12,0,0
"305","1985-05",10.85,7.48,7.73004689784515,3.11995310215485,0.00535130438232793,0,184.9,107.2,206700,575.1,2389.5,2.3895e+12,0,0
"306","1985-06",10.16,6.95,7.17253527598038,2.98746472401962,0.00439375211490068,0,188.9,107.5,210200,582.3,2412.6,2.4126e+12,0,0
"307","1985-07",10.31,7.08,7.30914262246675,3.00085737753326,0.0100429617355103,0,192.5,107.7,212300,589.1,2429.5,2.4295e+12,0,0
"308","1985-08",10.33,7.14,7.37222300486616,2.95777699513384,0.0462042036118571,0,188.3,107.9,212800,596.2,2444,2.444e+12,0,0
"309","1985-09",10.37,7.1,7.33016725170349,3.03983274829651,0.052195757863771,0,184.1,108.1,214700,603.3,2456.4,2.4564e+12,0,0
"310","1985-10",10.24,7.16,7.39325412946088,2.84674587053912,0.0342472254711482,0,186.2,108.5,216000,607.8,2468,2.468e+12,0,0
"311","1985-11",9.78,7.24,7.47740028906804,2.30259971093196,0.0136101844346092,0,197.5,109,219500,612.2,2477.8,2.4778e+12,0,0
"312","1985-12",9.26,7.1,7.33016725170349,1.92983274829651,0.0056646151306151,0,207.3,109.5,224700,619.8,2492.1,2.4921e+12,0,0
"313","1986-01",9.19,7.07,7.29863111953826,1.89136888046174,0.00394325111259112,0,208.2,109.9,221700,621.4,2502.1,2.5021e+12,0,0
"314","1986-02",8.7,7.06,7.28812015768065,1.41187984231935,0.00823816570977745,0,219.4,109.7,217800,625.2,2512.9,2.5129e+12,0,0
"315","1986-03",7.78,6.56,6.76326100809422,1.01673899190578,0.00709812116889923,0,232.3,109.1,221400,633.5,2533.1,2.5331e+12,0,0
"316","1986-04",7.3,6.06,6.23974922521492,1.06025077478508,0.00520941733384844,0,238,108.7,225100,641,2557.8,2.5578e+12,0,0
"317","1986-05",7.71,6.15,6.3338821428118,1.3761178571882,0.00606687755771517,0,238.5,109,226400,652,2584.8,2.5848e+12,0,0
"318","1986-06",7.8,6.21,6.39666159539369,1.40333840460631,0.00766758829691444,0,245.3,109.4,230100,660.6,2605,2.605e+12,0,0
"319","1986-07",7.3,5.83,5.99938482306051,1.30061517693949,0.00749040331071105,0,240.2,109.5,233000,670.3,2626.6,2.6266e+12,0,0
"320","1986-08",7.17,5.53,5.68629202037256,1.48370797962744,0.00807356636354381,0,245,109.6,233200,678.7,2646.5,2.6465e+12,0,0
"321","1986-09",7.45,5.21,5.35285674757198,2.09714325242802,0.00699511535731119,0,238.3,110,235100,687.4,2667.8,2.6678e+12,0,0
"322","1986-10",7.43,5.18,5.32162521370095,2.10837478629905,0.00976413455925326,0,237.4,110.2,237000,694.9,2687.4,2.6874e+12,0,0
"323","1986-11",7.25,5.35,5.49866739503536,1.75133260496464,0.023248931264741,0,245.1,110.4,242000,705.4,2701.3,2.7013e+12,0,0
"324","1986-12",7.11,5.53,5.68629202037256,1.42370797962744,0.0396395646520805,0,248.6,110.8,248600,724.7,2728,2.728e+12,0,0
"325","1987-01",7.08,5.43,5.58203474524072,1.49796525475928,0.0417672327791868,0,264.5,111.4,247000,730.2,2743.9,2.7439e+12,0,0
"326","1987-02",7.25,5.59,5.74887204783368,1.50112795216632,0.0767870735580877,0,280.9,111.8,242500,730.7,2747.5,2.7475e+12,0,0
"327","1987-03",7.25,5.59,5.74887204783368,1.50112795216632,0.119618552946626,0,292.5,112.2,244800,733.8,2753.7,2.7537e+12,0,0
"328","1987-04",8.02,5.64,5.80103678104172,2.21896321895828,0.114210023036274,0,289.3,112.7,249600,743.9,2767.7,2.7677e+12,0,0
"329","1987-05",8.61,5.66,5.82190642001931,2.78809357998069,0.0801024741771689,0,289.1,113,250600,745.8,2772.9,2.7729e+12,0,0
"330","1987-06",8.4,5.67,5.83234204232157,2.56765795767843,0.0775692838601626,0,301.4,113.5,252900,743.2,2774.6,2.7746e+12,0,0
"331","1987-07",8.45,5.69,5.85321489275894,2.59678510724106,0.0874558547322463,0,310.1,113.8,254800,743,2779,2.779e+12,0,0
"332","1987-08",8.76,6.04,6.21883670574854,2.54116329425146,0.0704446871056917,0,329.4,114.3,254600,744.9,2788.2,2.7882e+12,0,0
"333","1987-09",9.42,6.4,6.59559089266353,2.82440910733647,0.0313868005308179,0,318.7,114.7,256300,747.6,2799.5,2.7995e+12,0,0
"334","1987-10",9.52,6.13,6.31295995702295,3.20704004297705,0.0308879190324232,0,280.2,115,258100,756.2,2814.8,2.8148e+12,0,0
"335","1987-11",8.86,5.69,5.85321489275894,3.00678510724106,0.0503060345489748,0,245,115.4,262400,753.2,2818.9,2.8189e+12,0,0
"336","1987-12",8.99,5.77,5.9367277116544,3.0532722883456,0.0757137949272102,0,241,115.6,266900,750.2,2826.4,2.8264e+12,0,0
"337","1988-01",8.67,5.81,5.9784969760051,2.6915030239949,0.069235093967143,0,250.5,116,266300,756.2,2847.4,2.8474e+12,0,0
"338","1988-02",8.21,5.66,5.82190642001931,2.38809357998069,0.0689689506460699,0,258.1,116.2,260700,757.7,2870.4,2.8704e+12,0,0
"339","1988-03",8.37,5.7,5.8636521209764,2.5063478790236,0.0689689506460699,0,265.7,116.5,263400,761.8,2890.7,2.8907e+12,0,0
"340","1988-04",8.72,5.91,6.0829576515156,2.6370423484844,0.026317485168187,0,262.6,117.2,268400,768.1,2910.7,2.9107e+12,0,0
"341","1988-05",9.09,6.26,6.44899258657975,2.64100741342025,0.0107762501288001,0,256.1,117.5,268800,771.7,2926,2.926e+12,0,0
"342","1988-06",8.92,6.46,6.65845102837614,2.26154897162386,0.0154395392490851,0,270.7,118,273100,778.3,2938.4,2.9384e+12,0,0
"343","1988-07",9.06,6.73,6.94156168394722,2.11843831605278,0.0147378600178866,0,269.1,118.5,275800,781.4,2947.2,2.9472e+12,0,0
"344","1988-08",9.26,7.06,7.28812015768065,1.97187984231935,0.016102521034142,0,263.7,119,274800,783.3,2952,2.952e+12,0,0
"345","1988-09",8.98,7.24,7.47740028906804,1.50259971093196,0.0101393487883821,0,268,119.5,275200,783.7,2956.9,2.9569e+12,0,0
"346","1988-10",8.8,7.35,7.59315787909536,1.20684212090464,0.00518327948498861,0,277.4,119.9,275400,783.3,2965.3,2.9653e+12,0,0
"347","1988-11",8.96,7.76,8.02519646487886,0.934803535121144,0.00741313776454927,0,271,120.3,279200,784.9,2980.2,2.9802e+12,0,0
"348","1988-12",9.11,8.07,8.35246669349165,0.757533306508346,0.00683115936579502,0,276.5,120.7,283800,786.7,2988.2,2.9882e+12,0,0
"349","1989-01",9.09,8.27,8.56388678550464,0.526113214495355,0.0126424702424889,0,285.4,121.2,282200,785.7,2991.7,2.9917e+12,0,0
"350","1989-02",9.17,8.53,8.8390595328098,0.330940467190196,0.0204292413623878,0,294,121.6,275300,783.8,2992.2,2.9922e+12,0,1
"351","1989-03",9.36,8.82,9.146419420991,0.213580579009003,0.0170106896102118,0,292.7,122.2,278800,783,2999.7,2.9997e+12,0,1
"352","1989-04",9.18,8.65,8.96618705955354,0.213812940446456,0.0138133180413748,0,302.3,123.1,281600,779.2,3006,3.006e+12,0,1
"353","1989-05",8.86,8.43,8.7331801241284,0.126819875871595,0.0137250231850356,0,313.9,123.7,280600,775,3011.6,3.0116e+12,0,1
"354","1989-06",8.28,8.15,8.43700853840296,-0.157008538402961,0.024715192841149,0,323.7,124.1,283700,773.5,3027.9,3.0279e+12,0,1
"355","1989-07",8.02,7.88,8.15181963397587,-0.131819633975873,0.0304465099667269,0,331.9,124.5,285700,777.8,3052.4,3.0524e+12,0,1
"356","1989-08",8.11,7.9,8.17293111609332,-0.0629311160933206,0.0374154073260632,0,346.6,124.5,283900,779.4,3074.4,3.0744e+12,1,1
"357","1989-09",8.19,7.75,8.01464807088873,0.175351929111269,0.0688453702374835,0,347.3,124.8,284000,781,3092.5,3.0925e+12,1,1
"358","1989-10",8.01,7.64,7.89865162657953,0.111348373420467,0.0972758479441066,0,347.4,125.4,284200,786.6,3114.1,3.1141e+12,1,1
"359","1989-11",7.87,7.69,7.95136912783239,-0.0813691278323851,0.130288025828856,0,340.2,125.9,287800,787.9,3133.3,3.1333e+12,1,1
"360","1989-12",7.84,7.63,7.88810975687475,-0.0481097568747462,0.155573411407157,0,348.6,126.3,294300,792.9,3152.5,3.1525e+12,1,1
"361","1990-01",8.21,7.64,7.89865162657953,0.311348373420469,0.193154701435589,0,339.97,127.5,293100,795.4,3166.8,3.1668e+12,1,1
"362","1990-02",8.47,7.74,8.00410022082035,0.465899779179651,0.228805833577908,0,330.45,128,287700,798.1,3179.2,3.1792e+12,1,1
"363","1990-03",8.59,7.9,8.17293111609332,0.41706888390668,0.251908355576047,0,338.46,128.6,292400,801.5,3190.1,3.1901e+12,1,1
"364","1990-04",8.79,7.77,8.0357454028328,0.754254597167195,0.251861429301957,0,338.18,128.9,297400,806.1,3201.6,3.2016e+12,1,1
"365","1990-05",8.76,7.74,8.00410022082035,0.75589977917965,0.269747449142845,0,350.25,129.1,297300,804.2,3200.6,3.2006e+12,1,1
"366","1990-06",8.48,7.73,7.99355291463165,0.486447085368352,0.332175593460431,0,360.39,129.9,301700,808.8,3213.7,3.2137e+12,1,1
"367","1990-07",8.47,7.62,7.87756843058716,0.592431569412841,0.326406354848121,0,360.03,130.5,303900,810.1,3224.5,3.2245e+12,1,1
"368","1990-08",8.75,7.45,7.6984489858318,1.0515510141682,0.310842172206125,1,330.75,131.6,305100,815.7,3242,3.242e+12,1,1
"369","1990-09",8.89,7.36,7.60368454898693,1.28631545101307,0.259691180346203,1,315.41,132.5,308000,820.2,3254.6,3.2546e+12,1,1
"370","1990-10",8.72,7.17,7.40377050390791,1.31622949609209,0.272993788631823,1,307.12,133.4,308800,819.9,3259.3,3.2593e+12,1,1
"371","1990-11",8.39,7.06,7.28812015768065,1.10187984231935,0.314976379754806,1,315.29,133.7,313700,822.1,3262.6,3.2626e+12,1,1
"372","1990-12",8.08,6.74,6.95205481387619,1.12794518612381,0.307536090543078,1,328.75,134.2,315300,824.7,3271.8,3.2718e+12,1,1
"373","1991-01",8.09,6.22,6.40712671847757,1.68287328152243,0.232577894371528,1,325.49,134.7,309600,827.2,3287.7,3.2877e+12,1,1
"374","1991-02",7.85,5.94,6.11430630923314,1.73569369076686,0.203774499704484,1,362.26,134.8,306900,832.6,3304.5,3.3045e+12,1,1
"375","1991-03",8.11,5.91,6.0829576515156,2.0270423484844,0.212637073697918,1,372.28,134.8,311100,838.7,3321.9,3.3219e+12,0,0
"376","1991-04",8.04,5.65,5.81147133293975,2.22852866706025,0.156069687037453,0,379.68,135.1,314100,843.1,3332.4,3.3324e+12,0,0
"377","1991-05",8.07,5.46,5.61330631600473,2.45669368399528,0.155820536914917,0,377.99,135.6,314300,848.8,3343,3.343e+12,0,0
"378","1991-06",8.28,5.57,5.72800989938053,2.55199010061947,0.200112067619614,0,378.29,136,318100,856.7,3351.9,3.3519e+12,0,0
"379","1991-07",8.27,5.58,5.73844070616039,2.53155929383961,0.181857445964374,0,380.23,136.2,320000,861.6,3356.1,3.3561e+12,0,0
"380","1991-08",7.9,5.33,5.47783089778761,2.42216910221239,0.115277234290332,0,389.4,136.6,320100,866.8,3355,3.355e+12,0,0
"381","1991-09",7.65,5.22,5.36326832555571,2.28673167444429,0.0889035631356851,0,387.2,137,321800,869.7,3354.9,3.3549e+12,0,0
"382","1991-10",7.53,4.99,5.12393690300797,2.40606309699203,0.0858952323897087,0,386.88,137.2,323100,878,3360.1,3.3601e+12,0,0
"383","1991-11",7.42,4.56,4.67724639342825,2.74275360657175,0.109200719490437,0,385.92,137.8,328400,887.6,3365.5,3.3655e+12,0,0
"384","1991-12",7.09,4.07,4.16942303358188,2.92057696641812,0.10614571917067,0,388.51,138.2,335400,897,3372.2,3.3722e+12,0,0
"385","1992-01",7.03,3.8,3.89014477957716,3.13985522042284,0.0549593366266214,0,416.08,138.3,333100,910.4,3381.2,3.3812e+12,0,0
"386","1992-02",7.34,3.84,3.93149504523912,3.40850495476088,0.0513403638899607,0,412.56,138.6,331200,925.2,3400,3.4e+12,0,0
"387","1992-03",7.54,4.04,4.13837309681424,3.40162690318576,0.0346531528700605,0,407.36,139.1,335600,936.7,3403.9,3.4039e+12,0,0
"388","1992-04",7.48,3.75,3.83846881901357,3.64153118098643,0.0259502190733085,0,407.41,139.4,333100,943.8,3399.7,3.3997e+12,0,0
"389","1992-05",7.39,3.63,3.71450030235772,3.67549969764228,0.0183814650063665,0,414.81,139.7,334500,950.6,3398.6,3.3986e+12,0,0
"390","1992-06",7.26,3.66,3.74548531497235,3.51451468502765,0.0158287083091163,0,408.27,140.1,337100,954.3,3393.4,3.3934e+12,0,0
"391","1992-07",6.84,3.21,3.28120759865677,3.55879240134323,0.0163487960047645,0,415.05,140.5,340400,963.3,3393.9,3.3939e+12,0,0
"392","1992-08",6.59,3.13,3.19878079818744,3.39121920181256,0.0193890879171577,0,417.93,140.8,342700,973.7,3398.8,3.3988e+12,0,0
"393","1992-09",6.42,2.91,2.97228026491534,3.44771973508466,0.0238067889076737,0,418.48,141.1,346900,988,3410.3,3.4103e+12,0,0
"394","1992-10",6.59,2.86,2.92083826015522,3.66916173984478,0.0198749768271761,0,412.5,141.7,349800,1003.7,3423.8,3.4238e+12,0,0
"395","1992-11",6.87,3.13,3.19878079818744,3.67121920181256,0.0116200914003901,0,422.84,142.1,355900,1015.7,3426.5,3.4265e+12,0,0
"396","1992-12",6.77,3.22,3.2915133119631,3.4784866880369,0.0086088591214754,0,435.64,142.3,361900,1024.9,3424.7,3.4247e+12,0,0
"397","1993-01",6.6,3,3.06490889243429,3.53509110756571,0.00585394736594565,0,435.23,142.8,360600,1030.4,3419.1,3.4191e+12,0,0
"398","1993-02",6.26,2.93,2.99286073493768,3.26713926506232,0.00356315233233543,0,441.7,143.1,359500,1033.5,3414.5,3.4145e+12,0,0
"399","1993-03",5.98,2.95,3.01344330150805,2.96655669849195,0.0036099250590816,0,450.16,143.3,362700,1038.4,3411.7,3.4117e+12,0,0
"400","1993-04",5.97,2.87,2.93112561323356,3.03887438676644,0.00226709264835182,0,443.08,143.8,368800,1047.6,3411.3,3.4113e+12,0,0
"401","1993-05",6.04,2.96,3.02373537109887,3.01626462890113,0.00211893113825152,0,445.25,144.2,370800,1065.9,3436.9,3.4369e+12,0,0
"402","1993-06",5.96,3.07,3.13698274638493,2.82301725361507,0.00290791846027878,0,448.06,144.3,375800,1075.1,3442.4,3.4424e+12,0,0
"403","1993-07",5.81,3.04,3.10609080444841,2.70390919555159,0.00266801526526633,0,447.29,144.5,379100,1084.6,3442,3.442e+12,0,0
"404","1993-08",5.68,3.02,3.08549879944622,2.59450120055378,0.00368174857852122,0,454.13,144.8,380900,1094.2,3445.7,3.4457e+12,0,0
"405","1993-09",5.36,2.95,3.01344330150805,2.34655669849195,0.0033067250017485,0,459.24,145,384700,1104.2,3452.2,3.4522e+12,0,0
"406","1993-10",5.33,3.02,3.08549879944622,2.24450120055378,0.00214589072549395,0,463.9,145.6,388200,1113.1,3456.7,3.4567e+12,0,0
"407","1993-11",5.72,3.1,3.16787941060365,2.55212058939635,0.00213710505430329,0,462.89,146,392000,1124.1,3470.1,3.4701e+12,0,0
"408","1993-12",5.77,3.06,3.12668490776154,2.64331509223846,0.00311728900391888,0,465.95,146.3,398600,1129.6,3474.5,3.4745e+12,0,0
"409","1994-01",5.75,2.98,3.04432108309202,2.70567891690798,0.00279411260707942,0,472.99,146.3,397800,1131.6,3474.9,3.4749e+12,0,0
"410","1994-02",5.97,3.25,3.32243360384268,2.64756639615732,0.00464221787926264,0,471.58,146.7,397900,1136.3,3475.7,3.4757e+12,0,0
"411","1994-03",6.48,3.5,3.58028670319353,2.89971329680647,0.00795158089358055,0,463.81,147.1,400800,1140.1,3480.1,3.4801e+12,0,0
"412","1994-04",6.97,3.68,3.76614462533702,3.20385537466298,0.00700693850520668,0,447.23,147.2,406900,1141.1,3481.3,3.4813e+12,0,0
"413","1994-05",7.18,4.14,4.24189139343227,2.93810860656773,0.00729103528313311,0,450.9,147.5,407100,1143.3,3490.8,3.4908e+12,0,0
"414","1994-06",7.1,4.14,4.24189139343227,2.85810860656773,0.0101631400896587,0,454.83,147.9,411600,1145.2,3479.5,3.4795e+12,0,0
"415","1994-07",7.3,4.33,4.43872193342858,2.86127806657142,0.0123880945236587,0,451.4,148.4,415000,1150.7,3488.2,3.4882e+12,0,0
"416","1994-08",7.24,4.48,4.59424954596947,2.64575045403053,0.0147918709863967,0,464.24,149,415300,1150.6,3485.7,3.4857e+12,0,0
"417","1994-09",7.46,4.62,4.73951631806784,2.72048368193216,0.0217607447574436,0,466.96,149.3,416900,1151.9,3486.1,3.4861e+12,0,0
"418","1994-10",7.74,4.95,5.08234281446601,2.65765718553399,0.0253465134472476,0,463.81,149.4,418700,1150.2,3484.3,3.4843e+12,0,0
"419","1994-11",7.96,5.29,5.43616430935783,2.52383569064217,0.0158254327180489,0,461.01,149.8,423100,1150.9,3487.2,3.4872e+12,0,0
"420","1994-12",7.81,5.6,5.75930392444154,2.05069607555846,0.0136738598123004,0,455.19,150.1,428500,1150.7,3486.4,3.4864e+12,0,0
"421","1995-01",7.78,5.71,5.87408988458131,1.90591011541869,0.0123521719513562,0,465.25,150.5,426200,1151.4,3492.4,3.4924e+12,0,0
"422","1995-02",7.47,5.77,5.9367277116544,1.5332722883456,0.0135800352108823,0,481.92,150.9,422900,1147.4,3489.9,3.4899e+12,0,0
"423","1995-03",7.2,5.73,5.89496701811826,1.30503298188174,0.00892250370718077,0,493.15,151.2,427700,1146.7,3491.1,3.4911e+12,0,0
"424","1995-04",7.06,5.65,5.81147133293975,1.24852866706025,0.00521345607064438,0,507.91,151.8,433500,1149.3,3499.2,3.4992e+12,0,0
"425","1995-05",6.63,5.67,5.83234204232157,0.797657957678426,0.0083528255685583,0,523.81,152.1,434000,1145.3,3524.2,3.5242e+12,0,0
"426","1995-06",6.17,5.47,5.6237312416713,0.546268758328702,0.00957795978804009,0,539.35,152.4,434800,1144.2,3548.9,3.5489e+12,0,0
"427","1995-07",6.28,5.42,5.57161195692766,0.708388043072336,0.00952658585882077,0,557.37,152.6,435900,1145.5,3567.4,3.5674e+12,0,0
"428","1995-08",6.49,5.4,5.55076798296751,0.939232017032494,0.013620044142158,0,559.11,152.9,435500,1145.4,3589,3.589e+12,0,0
"429","1995-09",6.2,5.28,5.42574899660806,0.774251003391937,0.0120551771651439,0,578.77,153.1,436300,1142,3602.1,3.6021e+12,0,0
"430","1995-10",6.04,5.28,5.42574899660806,0.614251003391937,0.0133595573083965,0,582.92,153.5,436600,1137.3,3613.4,3.6134e+12,0,0
"431","1995-11",5.93,5.36,5.50908644456109,0.420913555438913,0.0165491854324143,0,595.53,153.7,439100,1134.1,3619.9,3.6199e+12,0,0
"432","1995-12",5.71,5.14,5.27999063386342,0.430009366136576,0.033521130487285,0,614.57,153.9,445800,1127.5,3629.5,3.6295e+12,0,0
"433","1996-01",5.65,5,5.1343367562245,0.515663243775496,0.040952244233088,0,614.42,154.7,441700,1123.5,3647.9,3.6479e+12,0,0
"434","1996-02",5.81,4.83,4.95761164011612,0.852388359883881,0.066308534181374,0,649.54,155,435700,1118.5,3661.8,3.6618e+12,0,0
"435","1996-03",6.27,4.96,5.09274053803465,1.17725946196535,0.0870121719294295,0,647.07,155.5,440500,1122.6,3686.9,3.6869e+12,0,0
"436","1996-04",6.51,4.95,5.08234281446601,1.42765718553399,0.092814864655565,0,647.17,156.1,443400,1124.8,3697.7,3.6977e+12,0,0
"437","1996-05",6.74,5.02,5.15513806024109,1.58486193975891,0.149584406537055,0,661.23,156.4,443000,1116.5,3709.6,3.7096e+12,0,0
"438","1996-06",6.91,5.09,5.22795940322162,1.68204059677838,0.189676748218559,0,668.5,156.7,446400,1115.2,3722.5,3.7225e+12,0,0
"439","1996-07",6.87,5.15,5.29039847908959,1.57960152091041,0.163121459592502,0,644.07,157,449800,1112.4,3737.1,3.7371e+12,0,0
"440","1996-08",6.64,5.05,5.18634401083836,1.45365598916164,0.129695043849754,0,662.68,157.2,450900,1101.6,3744,3.744e+12,0,0
"441","1996-09",6.83,5.09,5.22795940322162,1.60204059677838,0.153059170536918,0,674.88,157.7,452000,1096.2,3753.4,3.7534e+12,0,0
"442","1996-10",6.53,4.99,5.12393690300797,1.40606309699203,0.178232762083035,0,701.46,158.2,452500,1085.7,3772.8,3.7728e+12,0,0
"443","1996-11",6.2,5.03,5.16553951112295,1.03446048887705,0.211931224421742,0,735.67,158.7,457000,1083.5,3795.1,3.7951e+12,0,0
"444","1996-12",6.3,4.91,5.04075724288032,1.25924275711968,0.210266777390736,0,743.25,159.1,465000,1081.3,3818.6,3.8186e+12,0,0
"445","1997-01",6.58,5.03,5.16553951112295,1.41446048887705,0.194973128032519,0,766.22,159.4,462500,1081.2,3834.6,3.8346e+12,0,0
"446","1997-02",6.42,5.01,5.14473714195525,1.27526285804475,0.141666556689784,0,798.39,159.7,459900,1078.8,3846.3,3.8463e+12,0,0
"447","1997-03",6.69,5.14,5.27999063386342,1.41000936613658,0.100535669277471,0,792.16,159.8,462300,1072.5,3861.2,3.8612e+12,0,0
"448","1997-04",6.89,5.16,5.30080685744393,1.58919314255607,0.0753580024972782,0,763.93,159.9,465500,1063.9,3877,3.877e+12,0,0
"449","1997-05",6.71,5.05,5.18634401083836,1.52365598916164,0.0622057413358058,0,833.09,159.9,467000,1063.8,3889.2,3.8892e+12,0,0
"450","1997-06",6.49,4.93,5.06154896421713,1.42845103578287,0.0550179614315246,0,876.29,160.2,469800,1066.1,3906,3.906e+12,0,0
"451","1997-07",6.22,5.05,5.18634401083836,1.03365598916164,0.0626147992661848,0,925.29,160.4,473100,1065.5,3923.9,3.9239e+12,0,0
"452","1997-08",6.3,5.14,5.27999063386342,1.02000936613658,0.0730474505827025,0,927.24,160.8,474300,1075.3,3957.4,3.9574e+12,0,0
"453","1997-09",6.21,4.95,5.08234281446601,1.12765718553399,0.0608844109937075,0,937.02,161.2,475400,1066.9,3973.1,3.9731e+12,0,0
"454","1997-10",6.03,4.97,5.10313879395393,0.926861206046069,0.0773191067342956,0,951.16,161.5,477700,1065.6,3992.3,3.9923e+12,0,0
"455","1997-11",5.88,5.14,5.27999063386342,0.600009366136576,0.117394350250681,0,938.92,161.7,484600,1070.9,4014.8,4.0148e+12,0,0
"456","1997-12",5.81,5.16,5.30080685744393,0.509193142556073,0.0916931477552224,0,962.37,161.8,493100,1072.3,4032.9,4.0329e+12,0,0
"457","1998-01",5.54,5.04,5.17594149464174,0.364058505358264,0.076551926021215,0,963.36,162,491200,1074,4056.2,4.0562e+12,0,0
"458","1998-02",5.57,5.09,5.22795940322162,0.342040596778384,0.0900346988414153,0,1023.74,162,488400,1077.8,4088.9,4.0889e+12,0,0
"459","1998-03",5.65,5.03,5.16553951112295,0.484460488877048,0.0769578536411576,0,1076.83,162,491000,1076.9,4114.3,4.1143e+12,0,0
"460","1998-04",5.64,4.95,5.08234281446601,0.557657185533993,0.0618705078756316,0,1112.2,162.2,494100,1076.5,4140.2,4.1402e+12,0,0
"461","1998-05",5.65,5,5.1343367562245,0.515663243775496,0.06709595772527,0,1108.42,162.6,495200,1079.1,4164.4,4.1644e+12,0,0
"462","1998-06",5.5,4.98,5.11353758226474,0.386462417735258,0.0752866369073314,0,1108.39,162.8,498100,1076.3,4184.1,4.1841e+12,0,0
"463","1998-07",5.46,4.96,5.09274053803465,0.367259461965353,0.117494683073224,0,1156.58,163.2,502400,1075.1,4203.8,4.2038e+12,0,0
"464","1998-08",5.34,4.9,5.03036218045176,0.309637819548237,0.119205871561679,0,1074.62,163.4,504900,1075.9,4228.7,4.2287e+12,0,0
"465","1998-09",4.81,4.61,4.72913667012455,0.0808633298754451,0.10617913359007,0,1020.64,163.5,508600,1079.9,4267.6,4.2676e+12,0,0
"466","1998-10",4.53,3.96,4.05559652117698,0.474403478823018,0.131356211276566,0,1032.47,163.9,512600,1086,4307.7,4.3077e+12,0,0
"467","1998-11",4.83,4.41,4.52165515079347,0.308344849206529,0.180593416244848,0,1144.43,164.1,518300,1094.9,4346.4,4.3464e+12,0,0
"468","1998-12",4.65,4.39,4.50091866661461,0.149081333385394,0.196104206752531,0,1190.05,164.4,526400,1095,4375.2,4.3752e+12,0,0
"469","1999-01",4.72,4.34,4.44908673093094,0.270913269069059,0.222508407039811,0,1248.77,164.7,527900,1098.1,4402.6,4.4026e+12,0,0
"470","1999-02",5,4.44,4.55276385297657,0.447236147023426,0.226684061233647,0,1246.58,164.7,526400,1096.7,4425.3,4.4253e+12,0,0
"471","1999-03",5.23,4.44,4.55276385297657,0.677236147023426,0.200464428921556,0,1281.66,164.8,531000,1096.6,4432.1,4.4321e+12,0,0
"472","1999-04",5.18,4.29,4.39726804084628,0.782731959153723,0.187728753030044,0,1334.76,165.9,535200,1101.6,4460.7,4.4607e+12,0,0
"473","1999-05",5.54,4.5,4.61499557466178,0.925004425338222,0.194973128032519,0,1332.07,166,540600,1103.8,4485.3,4.4853e+12,0,0
"474","1999-06",5.9,4.57,4.68762338716726,1.21237661283274,0.218304931223557,0,1322.55,166,544000,1099.8,4507.2,4.5072e+12,0,0
"475","1999-07",5.79,4.55,4.66686993040793,1.12313006959207,0.22190502475947,0,1380.99,166.7,548800,1099.1,4534.5,4.5345e+12,0,0
"476","1999-08",5.94,4.72,4.84334200719248,1.09665799280752,0.232908859930545,0,1327.49,167.1,551400,1099.2,4551.7,4.5517e+12,0,0
"477","1999-09",5.92,4.68,4.80180535737778,1.11819464262222,0.279446526765173,0,1318.17,167.8,556800,1096.5,4567.7,4.5677e+12,0,0
"478","1999-10",6.11,4.86,4.98878725138324,1.12121274861676,0.202253945035063,0,1300.01,168.1,564700,1103.3,4591.5,4.5915e+12,0,1
"479","1999-11",6.03,5.07,5.20715064142878,0.822849358571222,0.233159203090814,0,1391,168.4,582800,1110.7,4610.5,4.6105e+12,0,1
"480","1999-12",6.28,5.2,5.34244570296227,0.937554297037729,0.265110567616977,0,1428.68,168.8,612500,1122.2,4638,4.638e+12,0,1
"481","2000-01",6.66,5.32,5.4674134499835,1.1925865500165,0.240471057823644,0,1425.59,169.3,601900,1122.1,4666.2,4.6662e+12,0,1
"482","2000-02",6.52,5.55,5.70714989033651,0.812850109663487,0.207135560789939,0,1388.87,170,578000,1108.6,4679.4,4.6794e+12,0,1
"483","2000-03",6.26,5.69,5.85321489275894,0.406785107241063,0.168027192765101,0,1442.21,171,577100,1107.5,4710.2,4.7102e+12,0,1
"484","2000-04",5.99,5.66,5.82190642001931,0.16809357998069,0.151794041021629,0,1461.36,170.9,578600,1115.6,4766.1,4.7661e+12,1,1
"485","2000-05",6.44,5.79,5.95761127231303,0.482388727686973,0.131606804396969,0,1418.48,171.2,580600,1104.9,4753.9,4.7539e+12,1,1
"486","2000-06",6.1,5.69,5.85321489275894,0.246785107241063,0.0966746922590151,0,1461.96,172.2,582000,1102.6,4771.8,4.7718e+12,1,1
"487","2000-07",6.05,5.96,6.13520809619591,-0.0852080961959123,0.106705377647594,0,1473,172.7,584200,1103.5,4789.4,4.7894e+12,1,1
"488","2000-08",5.83,6.09,6.27112203106658,-0.441122031066577,0.109820270237888,0,1485.46,172.7,583400,1100.2,4817.5,4.8175e+12,1,1
"489","2000-09",5.8,6,6.17701810797089,-0.377018107970891,0.107281226612337,0,1468.05,173.6,583800,1099.7,4853.2,4.8532e+12,1,1
"490","2000-10",5.74,6.11,6.29203991988487,-0.552039919884866,0.106928818653059,0,1390.14,173.9,585300,1098.7,4869.2,4.8692e+12,1,1
"491","2000-11",5.72,6.17,6.35480647758245,-0.634806477582452,0.145904000937554,0,1378.04,174.2,590300,1092.4,4880.3,4.8803e+12,1,1
"492","2000-12",5.24,5.77,5.9367277116544,-0.696727711654399,0.12991947337716,0,1330.93,174.6,598300,1088.6,4925,4.925e+12,1,1
"493","2001-01",5.16,5.15,5.29039847908959,-0.130398479089593,0.0988369081739635,0,1335.63,175.6,598700,1096.7,4975.7,4.9757e+12,1,1
"494","2001-02",5.1,4.88,5.00957365187007,0.090426348129931,0.147357519832926,0,1305.75,176,595900,1101.2,5014.1,5.0141e+12,1,1
"495","2001-03",4.89,4.42,4.53202418802521,0.357975811974791,0.214531821979921,0,1185.85,176.1,599100,1108.9,5072,5.072e+12,1,1
"496","2001-04",5.14,3.87,3.96251328622247,1.17748671377753,0.261182775589138,1,1189.84,176.4,601700,1116.7,5135.9,5.1359e+12,1,1
"497","2001-05",5.39,3.62,3.70417301877345,1.68582698122655,0.200832292499547,1,1270.37,177.3,605900,1118.5,5133,5.133e+12,1,1
"498","2001-06",5.28,3.49,3.56996626629199,1.71003373370801,0.245249627070898,1,1238.71,177.7,609100,1126.2,5173.5,5.1735e+12,1,1
"499","2001-07",5.24,3.51,3.59060766652121,1.64939233347879,0.315840107508746,1,1204.45,177.4,616000,1138.9,5203.4,5.2034e+12,1,1
"500","2001-08",4.97,3.36,3.43584847303094,1.53415152696906,0.399720834685015,1,1178.5,177.4,622400,1150.2,5237.2,5.2372e+12,1,1
"501","2001-09",4.73,2.64,2.69464895737555,2.03535104262445,0.384131571799656,1,1044.64,178.1,647200,1205.7,5348.4,5.3484e+12,1,1
"502","2001-10",4.57,2.16,2.20202304583023,2.36797695416977,0.427062140469013,1,1076.59,177.6,635200,1165.7,5337.1,5.3371e+12,1,1
"503","2001-11",4.65,1.87,1.90497694239688,2.74502305760312,0.447702747442164,1,1129.68,177.5,639500,1171,5380.8,5.3808e+12,0,0
"504","2001-12",5.09,1.69,1.7208234845469,3.3691765154531,0.46324122192846,0,1144.93,177.4,650800,1183.2,5433.8,5.4338e+12,0,0
"505","2002-01",5.04,1.65,1.67992334695961,3.36007665304039,0.326082072989819,0,1140.21,177.7,653800,1190.7,5454.1,5.4541e+12,0,0
"506","2002-02",4.91,1.72,1.75150403922833,3.15849596077167,0.277414379227432,0,1100.67,178,654600,1190.6,5483.4,5.4834e+12,0,0
"507","2002-03",5.28,1.79,1.82311017824819,3.45688982175181,0.223657572671533,0,1153.79,178.5,659000,1193.3,5495.2,5.4952e+12,0,0
"508","2002-04",5.21,1.71,1.74127666839916,3.46872333160084,0.100510327469143,0,1111.93,179.3,663400,1186.9,5495.4,5.4954e+12,0,0
"509","2002-05",5.16,1.73,1.76173192937895,3.39826807062105,0.0547517807276062,0,1079.25,179.5,668600,1189.3,5521.5,5.5215e+12,0,0
"510","2002-06",4.93,1.7,1.73104981685186,3.19895018314814,0.0530740415526182,0,1014.02,179.6,674000,1193.3,5546.5,5.5465e+12,0,0
"511","2002-07",4.65,1.68,1.71059767144474,2.93940232855527,0.0573557420751029,0,903.59,180,679300,1199.1,5589.1,5.5891e+12,0,0
"512","2002-08",4.26,1.62,1.64925369387642,2.61074630612358,0.0662368969497199,0,912.55,180.5,679800,1187.1,5631.6,5.6316e+12,0,0
"513","2002-09",3.87,1.63,1.65947639259203,2.21052360740797,0.0342519889649453,0,867.81,180.8,680400,1196.1,5656,5.656e+12,0,0
"514","2002-10",3.94,1.58,1.60836808787987,2.33163191212013,0.0210652183325615,0,854.63,181.2,681900,1204,5700.4,5.7004e+12,0,0
"515","2002-11",4.05,1.23,1.25097281631473,2.79902718368527,0.0115765283809592,0,909.93,181.5,688500,1209.6,5750.6,5.7506e+12,0,0
"516","2002-12",4.03,1.19,1.21016803044491,2.81983196955509,0.00383811326253368,0,899.18,181.8,699200,1220.2,5772,5.772e+12,0,0
"517","2003-01",4.05,1.17,1.18976874105166,2.86023125894834,0.00390438250158196,0,895.84,182.6,699300,1227.3,5804.6,5.8046e+12,0,0
"518","2003-02",3.9,1.17,1.18976874105166,2.71023125894834,0.00566055229773629,0,837.03,183.6,701000,1238.2,5840.7,5.8407e+12,0,0
"519","2003-03",3.81,1.13,1.14897636777495,2.66102363222505,0.00324920858845275,0,846.63,183.9,705300,1239.3,5861.4,5.8614e+12,0,0
"520","2003-04",3.96,1.13,1.14897636777495,2.81102363222505,0.00317631719504221,0,890.03,183.2,709600,1250,5898.8,5.8988e+12,0,0
"521","2003-05",3.57,1.07,1.08780331691578,2.48219668308422,0.00363296572329564,0,935.96,182.9,713700,1268.8,5959.3,5.9593e+12,0,0
"522","2003-06",3.33,0.92,0.934952060736802,2.3950479392632,0.00526024146458131,0,988,183.1,715000,1281,5996,5.996e+12,0,0
"523","2003-07",3.98,0.9,0.914580671026586,3.06541932897341,0.00833419959332777,0,992.54,183.7,717600,1287.5,6042.7,6.0427e+12,0,0
"524","2003-08",4.45,0.95,0.965513016674765,3.48448698332524,0.0144113728831321,0,989.53,184.5,720900,1296.4,6100.8,6.1008e+12,0,0
"525","2003-09",4.27,0.94,0.955325515126776,3.31467448487322,0.0266451230126461,0,1019.44,185.1,721100,1297.2,6072.8,6.0728e+12,0,0
"526","2003-10",4.29,0.92,0.934952060736802,3.3550479392632,0.0222567447708469,0,1038.73,184.9,724800,1297.8,6063.6,6.0636e+12,0,0
"527","2003-11",4.3,0.93,0.945138529827202,3.3548614701728,0.0105809288974863,0,1049.9,185,730600,1299.1,6069.1,6.0691e+12,0,0
"528","2003-12",4.27,0.9,0.914580671026586,3.35541932897341,0.0102177702710347,0,1080.64,185.5,739400,1306.2,6067.3,6.0673e+12,0,0
"529","2004-01",4.15,0.88,0.894211345682284,3.25578865431772,0.0095435269055936,0,1132.52,186.3,736400,1306,6075.5,6.0755e+12,0,0
"530","2004-02",4.08,0.93,0.945138529827202,3.1348614701728,0.0122601808541298,0,1143.36,186.7,735300,1321.4,6114.3,6.1143e+12,0,0
"531","2004-03",3.83,0.94,0.955325515126776,2.87467448487322,0.0132866933476856,0,1123.98,187.1,736800,1328.7,6150.1,6.1501e+12,0,0
"532","2004-04",4.35,0.94,0.955325515126776,3.39467448487322,0.0103701758583051,0,1133.36,187.4,741200,1332.8,6191.2,6.1912e+12,0,0
"533","2004-05",4.72,1.02,1.03683998576329,3.68316001423671,0.017666098463253,0,1102.78,188.2,745000,1333.3,6268.1,6.2681e+12,0,0
"534","2004-06",4.73,1.27,1.29178588039437,3.43821411960563,0.0202132016279763,0,1132.76,188.9,750700,1342.7,6270.5,6.2705e+12,0,0
"535","2004-07",4.5,1.33,1.35302100366872,3.14697899633128,0.00668590139814535,0,1105.85,189.1,757300,1340.8,6284.3,6.2843e+12,0,0
"536","2004-08",4.28,1.48,1.50619038112583,2.77380961887417,0.00308150368166605,0,1088.94,189.2,757200,1354.3,6310.6,6.3106e+12,0,0
"537","2004-09",4.13,1.65,1.67992334695961,2.45007665304039,0.00425058159331341,0,1117.66,189.8,762200,1362.5,6345.3,6.3453e+12,0,0
"538","2004-10",4.1,1.76,1.79241871615498,2.30758128384502,0.00394144195677474,0,1117.21,190.8,763900,1362.3,6373.3,6.3733e+12,0,0
"539","2004-11",4.19,2.07,2.10978947341967,2.08021052658033,0.00394282219198917,0,1168.94,191.7,770500,1374.2,6399.8,6.3998e+12,0,0
"540","2004-12",4.23,2.19,2.23277694771975,1.99722305228025,0.00393869423738715,0,1199.21,191.7,776300,1376,6418.3,6.4183e+12,0,0
"541","2005-01",4.22,2.33,2.37635719488979,1.84364280511021,0.00474036975351685,0,1181.41,191.6,775200,1367.1,6424.5,6.4245e+12,0,0
"542","2005-02",4.17,2.54,2.59191933989509,1.57808066010491,0.00590674236517141,0,1199.63,192.4,772900,1371.1,6432.8,6.4328e+12,0,0
"543","2005-03",4.5,2.74,2.79743087260487,1.70256912739513,0.00931209462169335,0,1194.9,193.1,773500,1370.9,6441.9,6.4419e+12,0,0
"544","2005-04",4.34,2.78,2.83855829101279,1.50144170898721,0.0036577627728467,0,1164.43,193.7,775500,1358.4,6455.9,6.4559e+12,0,0
"545","2005-05",4.14,2.84,2.90026512552894,1.23973487447106,0.00208675689017493,0,1178.28,193.6,776400,1366,6473.3,6.4733e+12,0,0
"546","2005-06",4,2.97,3.03402796494684,0.965972035053161,0.00336731069694666,0,1202.25,193.7,780700,1380.1,6505.8,6.5058e+12,0,0
"547","2005-07",4.18,3.22,3.2915133119631,0.888486688036904,0.00577935782040233,0,1222.24,194.9,782900,1369,6537.4,6.5374e+12,0,0
"548","2005-08",4.26,3.44,3.51837197676686,0.741628023233136,0.0110361473022884,0,1224.27,196.1,782700,1377.8,6570.2,6.5702e+12,0,0
"549","2005-09",4.2,3.42,3.49773794453047,0.702262055469535,0.0185710566025317,0,1225.92,198.8,787900,1378.6,6604.3,6.6043e+12,0,0
"550","2005-10",4.46,3.71,3.79713754462334,0.662862455376658,0.0230760844867104,0,1191.96,199.1,787200,1376.5,6638.6,6.6386e+12,0,0
"551","2005-11",4.54,3.88,3.97285375566809,0.567146244331909,0.032151495441066,0,1237.37,198.1,793500,1376.1,6655,6.655e+12,0,0
"552","2005-12",4.47,3.89,3.98319475307335,0.486805246926654,0.036124793105198,0,1262.07,198.1,803100,1374.3,6681.9,6.6819e+12,0,0
"553","2006-01",4.42,4.24,4.34546259128392,0.0745374087160826,0.044534821064194,0,1278.73,199.3,804200,1379.5,6724.3,6.7243e+12,0,0
"554","2006-02",4.57,4.43,4.54239375540602,0.0276062445939775,0.0627334535355321,0,1276.65,199.4,804900,1378.4,6748.6,6.7486e+12,0,0
"555","2006-03",4.72,4.51,4.62536938469929,0.0946306153007104,0.0535869997489099,0,1293.74,199.7,810100,1383.2,6762.9,6.7629e+12,0,0
"556","2006-04",4.99,4.6,4.71875755310359,0.271242446896412,0.0689425908325989,0,1302.17,200.7,809200,1381.4,6800.1,6.8001e+12,0,0
"557","2006-05",5.11,4.72,4.84334200719248,0.26665799280752,0.0937430912183541,0,1290.01,201.3,812600,1387.2,6806.9,6.8069e+12,0,0
"558","2006-06",5.11,4.79,4.91605160370947,0.193948396290531,0.126154232833698,0,1253.17,201.8,812400,1375.4,6844.9,6.8449e+12,0,0
"559","2006-07",5.09,4.95,5.08234281446601,0.00765718553399353,0.136602398682613,0,1260.24,202.9,811500,1372.4,6886.3,6.8863e+12,0,1
"560","2006-08",4.88,4.96,5.09274053803465,-0.212740538034647,0.157990619396959,0,1287.15,203.8,809700,1372.4,6917.1,6.9171e+12,0,1
"561","2006-09",4.72,4.81,4.93683055843704,-0.216830558437041,0.16407874012051,0,1317.74,202.8,810400,1364.4,6944.2,6.9442e+12,0,1
"562","2006-10",4.73,4.92,5.05115283745515,-0.321152837455149,0.170322413583849,0,1363.38,201.9,809800,1370.3,6993.3,6.9933e+12,0,1
"563","2006-11",4.6,4.94,5.07194562320713,-0.471945623207127,0.18611511992129,0,1388.64,202,816800,1370.8,7028.4,7.0284e+12,0,1
"564","2006-12",4.56,4.85,4.97839484907329,-0.418394849073291,0.200048580374664,0,1416.42,203.1,826700,1366.6,7071.6,7.0716e+12,0,1
"565","2007-01",4.76,4.98,5.11353758226474,-0.353537582264742,0.280794750306851,0,1424.16,203.437,823000,1371.7,7109.6,7.1096e+12,1,1
"566","2007-02",4.72,5.03,5.16553951112295,-0.445539511122953,0.290894046693915,0,1444.8,204.226,820000,1363,7125.3,7.1253e+12,1,1
"567","2007-03",4.56,4.94,5.07194562320713,-0.511945623207127,0.276523261687159,0,1406.95,205.288,820900,1366.5,7159.1,7.1591e+12,1,1
"568","2007-04",4.69,4.87,4.99918018563522,-0.309180185635221,0.240406216821242,0,1463.64,205.904,823000,1378,7231.3,7.2313e+12,1,1
"569","2007-05",4.75,4.73,4.85372749797088,-0.103727497970879,0.241310113100166,0,1511.14,206.755,825700,1380.9,7245.4,7.2454e+12,1,1
"570","2007-06",5.1,4.61,4.72913667012455,0.370863329875445,0.255889756941448,0,1514.19,207.234,827200,1368.2,7278.6,7.2786e+12,1,1
"571","2007-07",5,4.82,4.94722083338723,0.0527791666127682,0.295237783922456,0,1520.71,207.603,828900,1371.8,7309,7.309e+12,1,1
"572","2007-08",4.67,4.2,4.3040277614002,0.365972238599801,0.345080996013224,0,1454.62,207.667,829600,1376.3,7385.1,7.3851e+12,1,1
"573","2007-09",4.52,3.89,3.98319475307335,0.536805246926654,0.34603545223512,0,1497.12,208.547,827400,1375.7,7403.2,7.4032e+12,1,1
"574","2007-10",4.53,3.9,3.99353627847867,0.536463721521331,0.370696107138985,0,1539.66,209.19,829000,1379.4,7417.2,7.4172e+12,1,1
"575","2007-11",4.15,3.27,3.34304975879793,0.80695024120207,0.407275742421288,0,1463.39,210.834,834300,1371.8,7441.8,7.4418e+12,1,1
"576","2007-12",4.1,3,3.06490889243429,1.03509110756571,0.394174146232813,0,1479.22,211.445,837200,1373.4,7471.6,7.4716e+12,1,1
"577","2008-01",3.74,2.75,2.80771194204155,0.932288057958448,0.378466533071563,1,1378.76,212.174,830600,1377.7,7505.5,7.5055e+12,1,1
"578","2008-02",3.74,2.12,2.16102513804533,1.57897486195467,0.400801335056984,1,1354.87,212.687,829500,1380.4,7590.6,7.5906e+12,1,1
"579","2008-03",3.51,1.26,1.28158183815452,2.22841816184548,0.417131060466098,1,1316.94,213.448,833000,1388.7,7656.2,7.6562e+12,1,1
"580","2008-04",3.68,1.29,1.31219551755014,2.36780448244986,0.367836488046765,1,1370.47,213.942,830200,1391.4,7699.2,7.6992e+12,1,1
"581","2008-05",3.88,1.73,1.76173192937895,2.11826807062105,0.320020850908735,1,1403.22,215.208,834700,1393.4,7711.2,7.7112e+12,1,1
"582","2008-06",4.1,1.86,1.89474177759097,2.20525822240903,0.221226813035211,1,1341.25,217.463,840200,1404.6,7728.9,7.7289e+12,1,1
"583","2008-07",4.01,1.63,1.65947639259203,2.35052360740797,0.285455880401218,1,1257.33,219.016,847000,1421.1,7775.4,7.7754e+12,1,1
"584","2008-08",3.89,1.72,1.75150403922833,2.13849596077167,0.222147554752705,1,1281.47,218.69,847600,1407.4,7790.2,7.7902e+12,1,1
"585","2008-09",3.69,1.13,1.14897636777495,2.54102363222505,0.191304907914582,1,1216.95,218.877,909700,1462,7859.5,7.8595e+12,1,1
"586","2008-10",3.81,0.67,0.680457986762581,3.12954201323742,0.191363825713474,1,968.8,216.995,1136400,1473.8,7965.3,7.9653e+12,1,1
"587","2008-11",3.53,0.19,0.192731453523095,3.3372685464769,0.148219677976167,1,883.04,213.153,1442300,1514.6,8015.8,8.0158e+12,1,1
"588","2008-12",2.42,0.03,0.0304189734388191,2.38958102656118,0.11731574535313,1,877.56,211.398,1666400,1601.7,8192.1,8.1921e+12,1,1
"589","2009-01",2.52,0.13,0.131848882563353,2.38815111743665,0.130625686964638,1,865.58,211.933,1712000,1582.8,8273.7,8.2737e+12,1,1
"590","2009-02",2.87,0.3,0.304397501438591,2.56560249856141,0.0626636686348408,1,805.23,212.705,1561700,1567.2,8303.1,8.3031e+12,1,1
"591","2009-03",2.82,0.21,0.213029749958937,2.60697025004106,0.0259544373205783,1,757.13,212.495,1647300,1578.9,8369.3,8.3693e+12,1,1
"592","2009-04",2.93,0.16,0.162287858645052,2.76771214135495,0.0210707425557213,1,848.15,212.709,1753200,1611.6,8372.9,8.3729e+12,1,1
"593","2009-05",3.29,0.18,0.182583075299261,3.10741692470074,0.0304539336250467,1,902.41,213.022,1775100,1617.5,8430.7,8.4307e+12,1,1
"594","2009-06",3.72,0.18,0.182583075299261,3.53741692470074,0.0268512535751571,1,926.12,214.79,1683700,1658.8,8440.5,8.4405e+12,0,0
"595","2009-07",3.56,0.18,0.182583075299261,3.37741692470074,0.0216304929542946,0,935.82,214.726,1673600,1662.5,8445.1,8.4451e+12,0,0
"596","2009-08",3.59,0.17,0.172435210352893,3.41756478964711,0.029582318745147,0,1009.73,215.445,1710800,1660,8445,8.445e+12,0,0
"597","2009-09",3.4,0.12,0.121703583420304,3.2782964165797,0.016106079474506,0,1044.55,215.861,1801200,1664.9,8444.2,8.4442e+12,0,0
"598","2009-10",3.39,0.07,0.0709847825851408,3.31901521741486,0.00596344488378488,0,1067.66,216.509,1936300,1677.7,8471.1,8.4711e+12,0,0
"599","2009-11",3.4,0.05,0.0507008524688537,3.34929914753115,0.00407500781015583,0,1088.07,217.234,2024600,1683,8500.8,8.5008e+12,0,0
"600","2009-12",3.59,0.05,0.0507008524688537,3.53929914753115,0.0203828695027768,0,1110.38,217.347,2026200,1692.8,8496,8.496e+12,0,0
"601","2010-01",3.73,0.06,0.0608425611217701,3.66915743887823,0.0204274459437933,0,1123.58,217.488,1995000,1674.7,8458.1,8.4581e+12,0,0
"602","2010-02",3.69,0.11,0.111558797321144,3.57844120267886,0.0154901214199515,0,1089.16,217.281,2115200,1699.8,8507.4,8.5074e+12,0,0
"603","2010-03",3.73,0.15,0.152141020136802,3.5778589798632,0.0144990569246495,0,1152.05,217.353,2079600,1711.9,8504.5,8.5045e+12,0,0
"604","2010-04",3.85,0.16,0.162287858645052,3.68771214135495,0.0111487411287609,0,1197.32,217.403,2014400,1699,8535.2,8.5352e+12,0,0
"605","2010-05",3.42,0.16,0.162287858645052,3.25771214135495,0.00620449790144767,0,1125.06,217.29,2012300,1710.1,8589.9,8.5899e+12,0,0
"606","2010-06",3.2,0.12,0.121703583420304,3.0782964165797,0.00278150490072892,0,1083.36,217.199,2002400,1731.6,8609,8.609e+12,0,0
"607","2010-07",3.01,0.16,0.162287858645052,2.84771214135495,0.00377897463344749,0,1079.8,217.605,1994300,1724,8618.8,8.6188e+12,0,0
"608","2010-08",2.7,0.16,0.162287858645052,2.53771214135495,0.00350237335673556,0,1087.28,217.923,1993700,1748.7,8669.1,8.6691e+12,0,0
"609","2010-09",2.65,0.15,0.152141020136802,2.4978589798632,0.00454751035788412,0,1122.08,218.275,1961200,1766.2,8700.1,8.7001e+12,0,0
"610","2010-10",2.54,0.13,0.131848882563353,2.40815111743665,0.00421633477584636,0,1171.58,219.035,1961700,1780.4,8749.4,8.7494e+12,0,0
"611","2010-11",2.76,0.14,0.141994694789212,2.61800530521079,0.0039841938192553,0,1198.89,219.59,1973100,1828.4,8770,8.77e+12,0,0
"612","2010-12",3.29,0.14,0.141994694789212,3.14800530521079,0.00277133942130271,0,1241.53,220.472,2017000,1836.7,8801.8,8.8018e+12,0,0
"613","2011-01",3.39,0.15,0.152141020136802,3.2378589798632,0.00214590912551911,0,1282.62,221.187,2047900,1846.3,8823.1,8.8231e+12,0,0
"614","2011-02",3.58,0.13,0.131848882563353,3.44815111743665,0.0025673998518778,0,1321.12,221.898,2211600,1870.1,8886.9,8.8869e+12,0,0
"615","2011-03",3.41,0.1,0.101414524226957,3.30858547577304,0.00257033123728915,0,1304.49,223.046,2395300,1896.5,8943.5,8.9435e+12,0,0
"616","2011-04",3.46,0.06,0.0608425611217701,3.39915743887823,0.00206784800100148,0,1331.51,224.093,2496600,1897,9004.9,9.0049e+12,0,0
"617","2011-05",3.17,0.04,0.0405596565874994,3.1294403434125,0.00472360768107114,0,1338.31,224.806,2567200,1941.6,9075.5,9.0755e+12,0,0
"618","2011-06",3,0.04,0.0405596565874994,2.9594403434125,0.00653490078752145,0,1287.29,224.806,2648500,1963.4,9151,9.151e+12,0,0
"619","2011-07",3,0.04,0.0405596565874994,2.9594403434125,0.00974818044766246,0,1325.19,225.395,2684800,1996,9316.6,9.3166e+12,0,0
"620","2011-08",2.3,0.02,0.0202788029839286,2.27972119701607,0.0161906503766245,0,1185.31,226.106,2657700,2115.4,9507.6,9.5076e+12,0,0
"621","2011-09",1.98,0.01,0.0101391451839477,1.96986085481605,0.0172386501572822,0,1173.88,226.597,2637700,2120,9528.3,9.5283e+12,0,0
"622","2011-10",2.15,0.02,0.0202788029839286,2.12972119701607,0.0198114077873698,0,1207.22,226.75,2637800,2128.5,9562.1,9.5621e+12,0,0
"623","2011-11",2.01,0.01,0.0101391451839477,1.99986085481605,0.0142440930921229,0,1226.42,227.169,2605400,2182,9612.6,9.6126e+12,0,0
"624","2011-12",1.98,0.01,0.0101391451839477,1.96986085481605,0.005768681640038,0,1243.32,227.223,2619600,2165.7,9660.1,9.6601e+12,0,0
"625","2012-01",1.97,0.03,0.0304189734388191,1.93958102656118,0.00489918654848631,0,1300.58,227.842,2640800,2201.8,9733.3,9.7333e+12,0,0
"626","2012-02",1.97,0.09,0.0912707640988325,1.87872923590117,0.00330399890856791,0,1352.49,228.329,2694400,2207.1,9785.7,9.7857e+12,0,0
"627","2012-03",2.17,0.08,0.0811275168978616,2.08887248310214,0.00429904084814299,0,1389.24,228.807,2655200,2227.8,9830.6,9.8306e+12,0,0
"628","2012-04",2.05,0.08,0.0811275168978616,1.96887248310214,0.00362685209248049,0,1386.43,229.187,2639800,2237.3,9884.6,9.8846e+12,0,0
"629","2012-05",1.8,0.09,0.0912707640988325,1.70872923590117,0.00596453331301836,0,1341.27,228.713,2616500,2256.2,9928.4,9.9284e+12,0,0
"630","2012-06",1.62,0.09,0.0912707640988325,1.52872923590117,0.008050330246777,0,1323.48,228.524,2618800,2275.3,9999.3,9.9993e+12,0,0
"631","2012-07",1.53,0.1,0.101414524226957,1.42858547577304,0.008050330246777,0,1359.78,228.59,2647800,2315,10051.8,1.00518e+13,0,0
"632","2012-08",1.68,0.1,0.101414524226957,1.57858547577304,0.0240568101941659,0,1403.45,229.918,2650700,2354.1,10121.3,1.01213e+13,0,0
"633","2012-09",1.72,0.11,0.111558797321144,1.60844120267886,0.0375198246248939,0,1443.42,231.015,2594900,2386.6,10200.8,1.02008e+13,0,0
"634","2012-10",1.75,0.1,0.101414524226957,1.64858547577304,0.0299578447261966,0,1437.82,231.638,2611800,2420.1,10267.3,1.02673e+13,0,0
"635","2012-11",1.65,0.09,0.0912707640988325,1.55872923590117,0.0359925822114754,0,1394.51,231.249,2646800,2441.2,10337.6,1.03376e+13,0,0
"636","2012-12",1.72,0.07,0.0709847825851408,1.64901521741486,0.0375198246248939,0,1422.29,231.221,2675900,2460.7,10459.7,1.04597e+13,0,0
"637","2013-01",1.91,0.07,0.0709847825851408,1.83901521741486,0.0391145650125337,0,1480.4,231.679,2741700,2476.7,10482.9,1.04829e+13,0,0
"638","2013-02",1.98,0.1,0.101414524226957,1.87858547577304,0.0424862692408709,0,1512.31,232.937,2845300,2468.9,10501.3,1.05013e+13,0,0
"639","2013-03",1.96,0.09,0.0912707640988325,1.86872923590117,0.031758415002517,0,1550.83,232.282,2935000,2476.3,10558.3,1.05583e+13,0,0
"640","2013-04",1.76,0.06,0.0608425611217701,1.69915743887823,0.0375710275825067,0,1570.7,231.797,3011700,2504.9,10586.3,1.05863e+13,0,0
"641","2013-05",1.93,0.04,0.0405596565874994,1.8894403434125,0.053163403136268,0,1639.84,231.893,3116900,2523.5,10621,1.0621e+13,0,0
"642","2013-06",2.3,0.05,0.0507008524688537,2.24929914753115,0.0666796422434445,0,1618.77,232.445,3201500,2521,10678.7,1.06787e+13,0,0
"643","2013-07",2.58,0.04,0.0405596565874994,2.5394403434125,0.0752745561173844,0,1668.68,232.9,3290900,2542.3,10718.4,1.07184e+13,0,0
"644","2013-08",2.74,0.04,0.0405596565874994,2.6994403434125,0.0626940494963618,0,1670.09,233.456,3398900,2551.3,10776.6,1.07766e+13,0,0
"645","2013-09",2.81,0.02,0.0202788029839286,2.78972119701607,0.0603977449108724,0,1687.17,233.544,3486900,2585.5,10837.2,1.08372e+13,0,0
"646","2013-10",2.62,0.05,0.0507008524688537,2.56929914753115,0.0574144917732262,0,1720.03,233.669,3589500,2631.2,10961.6,1.09616e+13,0,0
"647","2013-11",2.72,0.07,0.0709847825851408,2.64901521741486,0.0642585532980204,0,1783.54,234.1,3684600,2638.8,10969.7,1.09697e+13,0,0
"648","2013-12",2.9,0.07,0.0709847825851408,2.82901521741486,0.0573831951219813,0,1807.78,234.719,3717500,2674.2,11035,1.1035e+13,0,0
"649","2014-01",2.86,0.04,0.0405596565874994,2.8194403434125,0.0448108493877677,0,1822.36,235.288,3728500,2697.8,11080.8,1.10808e+13,0,0
"650","2014-02",2.71,0.05,0.0507008524688537,2.65929914753115,0.0424945045974349,0,1817.04,235.547,3833400,2724,11178.8,1.11788e+13,0,0
"651","2014-03",2.72,0.05,0.0507008524688537,2.66929914753115,0.0430622087331108,0,1863.52,236.028,3885900,2749.9,11208.1,1.12081e+13,0,0
"652","2014-04",2.71,0.03,0.0304189734388191,2.67958102656118,0.0538227506477304,0,1864.26,236.468,3930700,2770.5,11257.7,1.12577e+13,0,0
"653","2014-05",2.56,0.03,0.0304189734388191,2.52958102656118,0.0418763007783623,0,1889.77,236.918,3911500,2787,11321,1.1321e+13,0,0
"654","2014-06",2.6,0.04,0.0405596565874994,2.5594403434125,0.0251674823987405,0,1947.09,237.231,3948700,2821.8,11374.9,1.13749e+13,0,0
"655","2014-07",2.54,0.03,0.0304189734388191,2.50958102656118,0.016146467138505,0,1973.1,237.498,3989100,2841.4,11429.9,1.14299e+13,0,0
"656","2014-08",2.42,0.03,0.0304189734388191,2.38958102656118,0.0124792082204337,0,1961.53,237.46,4075000,2801.4,11458.9,1.14589e+13,0,0
"657","2014-09",2.53,0.02,0.0202788029839286,2.50972119701607,0.0107469764744729,0,1993.23,237.477,4049200,2866.2,11499.8,1.14998e+13,0,0
"658","2014-10",2.3,0.02,0.0202788029839286,2.27972119701607,0.0153992535786632,0,1937.27,237.43,4001500,2876.9,11566,1.1566e+13,0,0
"659","2014-11",2.33,0.02,0.0202788029839286,2.30972119701607,0.0135481874903192,0,2044.57,236.983,3830400,2892.6,11604.8,1.16048e+13,0,0
"660","2014-12",2.21,0.03,0.0304189734388191,2.17958102656118,0.0100609615350205,0,2054.27,236.252,3934500,2947.3,11684.9,1.16849e+13,0,0
"661","2015-01",1.88,0.03,0.0304189734388191,1.84958102656118,0.01022450462353,0,2028.18,234.747,4017100,2939.7,11745.6,1.17456e+13,0,0
"662","2015-02",1.98,0.02,0.0202788029839286,1.95972119701607,0.0133239753983796,0,2082.2,235.342,3840500,3004.9,11879,1.1879e+13,0,0
"663","2015-03",2.04,0.03,0.0304189734388191,2.00958102656118,0.0131090341990439,0,2079.99,235.976,4030600,2997.7,11886.8,1.18868e+13,0,0
"664","2015-04",1.94,0.02,0.0202788029839286,1.91972119701607,0.0128911654364315,0,2094.86,236.222,4059400,2996.9,11928.9,1.19289e+13,0,0
"665","2015-05",2.2,0.02,0.0202788029839286,2.17972119701607,0.0163999233130864,0,2111.94,237.001,3949400,2979.8,11957.9,1.19579e+13,0,0
"666","2015-06",2.36,0.02,0.0202788029839286,2.33972119701607,0.0156426173335208,0,2099.29,237.657,3919600,3018,12001.7,1.20017e+13,0,0
"667","2015-07",2.32,0.03,0.0304189734388191,2.28958102656118,0.0169245469896864,0,2094.14,238.034,3961200,3039.6,12051.3,1.20513e+13,0,0
"668","2015-08",2.17,0.07,0.0709847825851408,2.09901521741486,0.0203828695027768,0,2039.87,238.033,3984000,3027,12101.9,1.21019e+13,0,0
"669","2015-09",2.17,0.02,0.0202788029839286,2.14972119701607,0.0169208207984354,0,1944.41,237.498,4028500,3047,12160.8,1.21608e+13,0,0
"670","2015-10",2.07,0.02,0.0202788029839286,2.04972119701607,0.0240568101941659,0,2024.81,237.733,4060500,3022.3,12195.9,1.21959e+13,0,0
"671","2015-11",2.26,0.12,0.121703583420304,2.1382964165797,0.0230021683820696,0,2080.62,238.017,4006700,3084.8,12284.6,1.22846e+13,0,0
"672","2015-12",2.24,0.23,0.233330099972012,2.00666990002799,0.0278756399574741,0,2054.08,237.761,3835800,3100,12346.8,1.23468e+13,0,0
"673","2016-01",2.09,0.26,0.263784476130701,1.8262155238693,0.044182623894079,0,1918.6,237.652,3792700,3095,12469.9,1.24699e+13,0,0
"674","2016-02",1.78,0.31,0.314552042030714,1.46544795796929,0.0380478280340032,0,1904.42,237.336,3872500,3128,12556.7,1.25567e+13,0,0
"675","2016-03",1.89,0.29,0.294243474591513,1.59575652540849,0.0355088085940091,0,2021.95,238.08,3898400,3153.7,12616.7,1.26167e+13,0,0
"676","2016-04",1.81,0.23,0.233330099972012,1.57666990002799,0.0401901686050336,0,2075.54,238.992,3872900,3198.5,12700.4,1.27004e+13,0,0
"677","2016-05",1.81,0.27,0.273936961976549,1.53606303802345,0.027869960733004,0,2065.55,239.557,3836500,3237.8,12766.2,1.27662e+13,0,0
"678","2016-06",1.64,0.27,0.273936961976549,1.36606303802345,0.02198674000478,0,2083.89,240.222,3825500,3244.9,12829.4,1.28294e+13,0,0
"679","2016-07",1.5,0.3,0.304397501438591,1.19560249856141,0.0237057959693972,0,2148.9,240.101,3772500,3245.3,12887.7,1.28877e+13,0,0
"680","2016-08",1.56,0.3,0.304397501438591,1.25560249856141,0.0313031920282854,0,2170.95,240.545,3816700,3317.5,12972.8,1.29728e+13,0,0
"681","2016-09",1.63,0.29,0.294243474591513,1.33575652540849,0.0291076261304543,0,2157.69,241.176,3735900,3327.3,13033.6,1.30336e+13,0,0
"682","2016-10",1.76,0.33,0.334862664606059,1.42513733539394,0.0335671773103266,0,2143.02,241.741,3572100,3333.5,13100.5,1.31005e+13,0,0
"683","2016-11",2.14,0.45,0.456769575392008,1.68323042460799,0.02959081484739,0,2164.99,242.026,3629800,3353.9,13173.4,1.31734e+13,0,0
"684","2016-12",2.49,0.51,0.517750800406858,1.97224919959314,0.03565313310524,0,2246.63,242.637,3531600,3345.6,13213.4,1.32134e+13,0,0
"685","2017-01",2.43,0.51,0.517750800406858,1.91224919959314,0.0455815104618629,0,2275.12,243.618,3595500,3389.3,13283.4,1.32834e+13,0,0
"686","2017-02",2.42,0.52,0.527916138657814,1.89208386134219,0.0720175242941375,0,2329.91,244.006,3746400,3400.4,13358.8,1.33588e+13,0,0
"687","2017-03",2.48,0.74,0.751683844168509,1.72831615583149,0.0613651939776943,0,2366.82,243.892,3856300,3452.9,13426.9,1.34269e+13,0,0
"688","2017-04",2.3,0.8,0.812754681689639,1.48724531831036,0.062843674573743,0,2359.31,244.193,3821700,3452.7,13484.9,1.34849e+13,0,0
"689","2017-05",2.3,0.89,0.904395750328308,1.39560424967169,0.0660813606654419,0,2395.35,244.004,3774400,3517.6,13538.1,1.35381e+13,0,0
"690","2017-06",2.19,0.98,0.996078619201678,1.19392138079832,0.0810538455351974,0,2433.99,244.163,3762800,3526.3,13559.2,1.35592e+13,0,0
"691","2017-07",2.32,1.07,1.08780331691578,1.23219668308422,0.0985051264609353,0,2454.1,244.243,3795400,3548.6,13618.7,1.36187e+13,0,0
"692","2017-08",2.21,1.01,1.02664886937735,1.18335113062265,0.0920731343410773,0,2456.22,245.183,3910000,3585.1,13673.7,1.36737e+13,0,0
"693","2017-09",2.2,1.03,1.04703161871172,1.15296838128828,0.0839729889856046,0,2492.84,246.435,3874500,3569.3,13717.9,1.37179e+13,0,0
"694","2017-10",2.36,1.07,1.08780331691578,1.27219668308422,0.0755848737341714,0,2557,246.626,3829900,3604.4,13770.1,1.37701e+13,0,0
"695","2017-11",2.35,1.23,1.25097281631473,1.09902718368527,0.054934207255761,0,2593.61,247.284,3907700,3626.2,13799.9,1.37999e+13,0,0
"696","2017-12",2.4,1.32,1.34281385556473,1.05718614443527,0.0373963307399189,0,2664.34,247.805,3851000,3618.8,13857.9,1.38579e+13,0,0
"697","2018-01",2.58,1.41,1.43469683195857,1.14530316804143,0.0406010197695859,0,2789.8,248.859,3824800,3650.7,13869.7,1.38697e+13,0,0
"698","2018-02",2.86,1.57,1.59814798339968,1.26185201660032,0.0417268556907476,0,2705.16,249.529,3855100,3614,13912.3,1.39123e+13,0,0
"699","2018-03",2.84,1.7,1.73104981685186,1.10895018314814,0.0518341381942359,0,2702.77,249.577,3800600,3667,13970.2,1.39702e+13,0,0
"700","2018-04",2.87,1.76,1.79241871615498,1.07758128384502,0.0701430729975309,0,2653.63,250.227,3727100,3660,13988.8,1.39888e+13,0,0
"701","2018-05",2.98,1.86,1.89474177759097,1.08525822240903,0.0782827706927669,0,2701.49,250.792,3674800,3654.4,14047.2,1.40472e+13,0,0
"702","2018-06",2.91,1.9,1.93568555646424,0.97431444353576,0.0986899639467746,0,2754.35,251.018,3650500,3654.5,14103.6,1.41036e+13,0,0
"703","2018-07",2.89,1.96,1.99711682658862,0.89288317341138,0.0945442233646566,0,2793.64,251.214,3618300,3679.8,14139.2,1.41392e+13,0,0
"704","2018-08",2.89,2.03,2.06881031470655,0.821189685293452,0.0998579726933266,0,2857.82,251.663,3584500,3690.4,14181.3,1.41813e+13,0,0
"705","2018-09",3,2.13,2.17127383353204,0.828726166467958,0.103271414388242,0,2901.5,252.182,3559800,3700.1,14212.9,1.42129e+13,0,0
"706","2018-10",3.15,2.25,2.29429882456471,0.855701175435288,0.090350381574239,0,2785.46,252.772,3520900,3724.9,14222.5,1.42225e+13,0,0
"707","2018-11",3.12,2.33,2.37635719488979,0.743642805110209,0.109538863634069,0,2723.23,252.594,3476300,3700.9,14236.8,1.42368e+13,0,0
"708","2018-12",2.83,2.37,2.41739890058023,0.412601099419774,0.114585159686258,0,2567.31,252.767,3400700,3773,14362.7,1.43627e+13,0,0
"709","2019-01",2.71,2.37,2.41739890058023,0.292601099419774,0.104145815179387,0,2607.39,252.718,3346900,3745,14430,1.443e+13,0,1
"710","2019-02",2.68,2.39,2.43792288467187,0.242077115328132,0.0914214972202817,0,2754.86,253.322,3353500,3752.1,14469.9,1.44699e+13,0,1
"711","2019-03",2.57,2.4,2.44818565966866,0.121814340331343,0.108365860905236,0,2803.98,254.202,3381500,3736.9,14509.9,1.45099e+13,0,1
"712","2019-04",2.53,2.38,2.42766063165567,0.102339368344334,0.112105077576948,0,2903.8,255.211,3286700,3783.9,14541,1.4541e+13,0,1
"713","2019-05",2.4,2.35,2.39687700409237,0.00312299590763443,0.111181562012393,0,2854.71,255.29,3244500,3788.2,14643.2,1.46432e+13,0,1
"714","2019-05",2.4,2.35,2.39687700409237,0.00312299590763443,0.111181562012393,0,2752.08,255.29,3244500,3788.2,14643.2,1.46432e+13,0,1
"715","2019-06",2.07,2.17,2.21227382534139,-0.142273825341393,0.125063483644149,0,2890.17,255.159,3274800,3828.4,14757.7,1.47577e+13,1,1
"716","2019-07",2.06,2.1,2.1405293097526,-0.0805293097526034,0.13599418924895,0,2996.11,255.685,3260300,3860.3,14840.6,1.48406e+13,1,1
"717","2019-08",1.63,1.95,1.98687698111943,-0.356876981119435,0.146144586492067,0,2897.5,256.059,3271400,3855.3,14914.6,1.49146e+13,1,1
"718","2019-09",1.7,1.89,1.9254488317939,-0.225448831793895,0.145054241991326,0,2982.16,256.511,3202700,3899.5,15008.1,1.50081e+13,1,1
"719","2019-10",1.71,1.65,1.67992334695961,0.0300766530403891,0.141196577386744,0,2977.68,257.244,3252800,3933.1,15140.8,1.51408e+13,1,1
"720","2019-11",1.81,1.54,1.5674907821726,0.242509217827398,0.157683065953451,0,3104.9,257.803,3315600,3949.5,15242.2,1.52422e+13,1,1
"721","2019-12",1.86,1.54,1.5674907821726,0.292509217827398,0.21345904339413,0,3176.75,258.616,3426500,4021.2,15320.7,1.53207e+13,1,1
"722","2019-12",1.86,1.54,1.5674907821726,0.292509217827398,0.21345904339413,0,3230.58,258.616,3426500,4021.2,15320.7,1.53207e+13,1,1
"723","2020-01",1.76,1.52,1.54705524113762,0.212944758862385,0.236219440200611,0,3278.2,259.037,3442600,3978.6,15396,1.5396e+13,1,1
"724","2020-01",1.76,1.52,1.54705524113762,0.212944758862385,0.236219440200611,0,3225.04,259.037,3442600,3978.6,15396,1.5396e+13,1,1
"725","2020-02",1.5,1.52,1.54705524113762,-0.0470552411376153,0.246187959265868,0,2954.81,259.248,3454500,3981.4,15450.3,1.54503e+13,1,1
"726","2020-02",1.5,1.52,1.54705524113762,-0.0470552411376153,0.246187959265868,0,3277.31,259.248,3454500,3981.4,15450.3,1.54503e+13,1,1
"727","2020-03",0.87,0.29,0.294243474591513,0.575756525408487,0.270795626919762,1,2584.59,258.124,3883100,4261,15978.7,1.59787e+13,1,1
"728","2020-03",0.87,0.29,0.294243474591513,0.575756525408487,0.270795626919762,1,2652.39,258.124,3883100,4261,15978.7,1.59787e+13,1,1
"729","2020-04",0.66,0.14,0.141994694789212,0.518005305210788,0.27489300364291,1,2761.98,256.092,4844900,4794.5,16997.6,1.69976e+13,1,1
"730","2020-04",0.66,0.14,0.141994694789212,0.518005305210788,0.27489300364291,1,2912.43,256.092,4844900,4794.5,16997.6,1.69976e+13,0,0
"731","2020-05",0.67,0.13,0.131848882563353,0.538151117436647,0.296229213751029,0,2919.61,255.868,5149400,16244.2,17851.1,1.78511e+13,0,0
"732","2020-06",0.73,0.16,0.162287858645052,0.567712141354948,0.328795832873009,0,3104.66,256.986,5001800,16559.7,18131.7,1.81317e+13,0,0
"733","2020-06",0.73,0.16,0.162287858645052,0.567712141354948,0.328795832873009,0,3100.29,256.986,5001800,16559.7,18131.7,1.81317e+13,0,0
"734","2020-07",0.62,0.13,0.131848882563353,0.488151117436647,0.31478756405836,0,3207.62,258.278,4700300,16767.2,18286.3,1.82863e+13,0,0
"735","2020-07",0.62,0.13,0.131848882563353,0.488151117436647,0.31478756405836,0,3271.12,258.278,4700300,16767.2,18286.3,1.82863e+13,0,0
"736","2020-08",0.65,0.1,0.101414524226957,0.548585475773043,0.3792706547967,0,3391.71,259.411,4807400,16878.5,18346,1.8346e+13,0,0
"737","2020-08",0.65,0.1,0.101414524226957,0.548585475773043,0.3792706547967,0,3500.31,259.411,4807400,16878.5,18346,1.8346e+13,0,0
"738","2020-09",0.68,0.11,0.111558797321144,0.568441202678856,0.348049830450494,0,3363,260.029,4880300,17158.6,18577.3,1.85773e+13,0,0
"739","2020-09",0.68,0.11,0.111558797321144,0.568441202678856,0.348049830450494,0,3365.52,260.029,4880300,17158.6,18577.3,1.85773e+13,0,0
"740","2020-10",0.79,0.1,0.101414524226957,0.688585475773043,0.290358221511335,0,3418.7,260.286,4917100,17357.2,18729.1,1.87291e+13,0,0
"741","2020-11",0.87,0.09,0.0912707640988325,0.778729235901167,0.246101758375246,0,3548.99,260.813,5093000,17609.1,18949.3,1.89493e+13,0,0
"742","2020-11",0.87,0.09,0.0912707640988325,0.778729235901167,0.246101758375246,0,3621.63,260.813,5093000,17609.1,18949.3,1.89493e+13,0,0
"743","2020-12",0.93,0.09,0.0912707640988325,0.838729235901168,0.236237364642239,0,3695.31,262.035,5206500,17827.2,19114.2,1.9114e+13,0,0
"744","2020-12",0.93,0.09,0.0912707640988325,0.838729235901168,0.236237364642239,0,3756.07,262.035,5206500,17827.2,19114.2,1.9114e+13,0,0
"745","2021-01",1.08,0.08,0.0811275168978616,0.998872483102138,0.252036785453889,0,3793.75,262.65,5248000,18098.6,19356.8,1.93564e+13,0,0
"746","2021-02",1.26,0.04,0.0405596565874994,1.2194403434125,0.307301458544432,0,3883.43,263.638,5446800,18362.3,19600.1,1.96005e+13,0,0
"747","2021-03",1.61,0.03,0.0304189734388191,1.57958102656118,0.184658388583261,0,3910.51,264.914,5839000,18635,19841,1.98403e+13,0,0
"748","2021-03",1.61,0.03,0.0304189734388191,1.57958102656118,0.184658388583261,0,3972.89,264.914,5839000,18635,19841,1.98403e+13,0,0
"749","2021-04",1.64,0.02,0.0202788029839286,1.61972119701607,0.194564677416647,0,4181.17,266.67,6042100,18933.5,20116.7,2.01172e+13,0,0
"750","2021-04",1.64,0.02,0.0202788029839286,1.61972119701607,0.194564677416647,0,4141.18,266.67,6042100,18933.5,20116.7,2.01172e+13,0,0
"751","2021-05",1.62,0.02,0.0202788029839286,1.59972119701607,0.191072835121231,0,4167.85,268.444,6041900,19266.5,20430.9,2.04324e+13,0,0
"752","2021-06",1.52,0.04,0.0405596565874994,1.4794403434125,0.186019160436763,0,4297.5,270.559,6027000,19358.7,20506.5,2.05069e+13,0,0
"753","2021-06",1.52,0.04,0.0405596565874994,1.4794403434125,0.186019160436763,0,4238.49,270.559,6027000,19358.7,20506.5,2.05069e+13,0,0
"754","2021-07",1.32,0.05,0.0507008524688537,1.26929914753115,0.199810121407816,0,4363.71,271.764,6130200,19534,20662.6,2.06632e+13,0,0
"755","2021-08",1.28,0.05,0.0507008524688537,1.22929914753115,0.189279468608375,0,4522.68,272.87,6328700,19733.1,20847.2,2.08482e+13,0,0
"756","2021-08",1.28,0.05,0.0507008524688537,1.22929914753115,0.189279468608375,0,4454.21,272.87,6328700,19733.1,20847.2,2.08482e+13,0,0
"757","2021-09",1.37,0.04,0.0405596565874994,1.3294403434125,0.185895578311231,0,4307.54,274.028,6388800,19865.5,20963.9,2.09642e+13,0,0
"758","2021-09",1.37,0.04,0.0405596565874994,1.3294403434125,0.185895578311231,0,4445.54,274.028,6388800,19865.5,20963.9,2.09642e+13,0,0
"759","2021-10",1.58,0.05,0.0507008524688537,1.52929914753115,0.16622903937957,0,4460.71,276.522,6330900,20035.3,21116.1,2.11159e+13,0,0
"760","2021-11",1.56,0.05,0.0507008524688537,1.50929914753115,0.152390270834823,0,4667.39,278.711,6394700,20250.3,21316,2.1316e+13,0,0
"761","2021-11",1.56,0.05,0.0507008524688537,1.50929914753115,0.152390270834823,0,4567,278.711,6394700,20250.3,21316,2.1316e+13,0,0
"762","2021-12",1.47,0.06,0.0608425611217701,1.40915743887823,0.143615519378374,0,4766.18,280.887,6413100,20494.8,21549.3,2.15503e+13,0,0
"763","2021-12",1.47,0.06,0.0608425611217701,1.40915743887823,0.143615519378374,0,4674.77,280.887,6413100,20494.8,21549.3,2.15503e+13,0,0
"764","2022-01",1.76,0.15,0.152141020136802,1.6078589798632,0.121890878449789,0,4515.55,282.599,6103900,20506.7,21562.4,2.15619e+13,0,0
"765","2022-01",1.76,0.15,0.152141020136802,1.6078589798632,0.121890878449789,0,4573.82,282.599,6103900,20506.7,21562.4,2.15619e+13,0,0
"766","2022-02",1.93,0.33,0.334862664606059,1.59513733539394,0.0959114005356224,0,4373.94,284.61,6039900,20534.5,21571.1,2.15703e+13,0,0
