,date,final_vol,tcu,cpiaucsl_x,fedfunds,dff,indpro,icsa,civpart,m1sl,m2sl,mabmm301usm189s,bogmbase,adj close,volume,unrate,umcsent,mich,m2v,t10y3m,spread_derivative,spread_change_momentun,usrecd,custom_recession_data,cycle_indicator
26,1982-01-31,10.822587625732075,75.0122,94.4,13.22,14.21,48.7979,583000,63.7,442.7,1770.4,1770400000000.0,169800.0,120.400002,73400000,8.6,71.0,5.1,1.842,1.06,0.0,0.0,1,1.0,0.09794330493381413
50,1982-02-28,10.535866898990292,76.3833,94.7,14.78,13.74,49.7942,528000,63.8,441.9,1774.5,1774500000000.0,167500.0,113.110001,43840000,8.9,66.5,5.2,1.842,1.03,0.0,0.0,1,1.0,0.09776129575998253
81,1982-03-31,7.615967360610882,75.7186,94.7,14.68,16.8,49.459,574000,63.8,442.7,1786.5,1786500000000.0,166200.0,111.959999,43300000,9.0,62.0,4.2,1.842,0.19,3.75,2.0,1,1.0,0.024947585907820903
108,1982-04-30,7.802624152567389,74.8888,95.0,14.94,15.28,49.0072,588000,63.9,447.1,1803.9,1803900000000.0,168700.0,116.440002,48200000,9.3,65.5,4.7,1.836,0.72,0.07462686567164178,1.0,1,1.0,0.09227664769205754
168,1982-06-30,7.348748260038627,73.9501,97.0,14.15,14.58,48.5529,582000,63.9,447.5,1826.0,1826000000000.0,171700.0,109.610001,65280000,9.6,65.7,4.6,1.836,1.08,0.33333333333333326,1.0,1,1.0,0.1469638041451053
198,1982-07-31,20.568605078807213,73.5908,97.5,12.59,11.41,48.3859,605000,64.0,448.0,1831.5,1831500000000.0,173400.0,107.089996,39270000,9.8,65.4,5.0,1.825,3.11,0.0,0.0,1,1.0,0.15120130840590532
229,1982-08-31,12.131014357941794,72.8353,97.7,10.12,10.63,47.9495,647000,64.1,451.4,1845.2,1845200000000.0,174000.0,119.510002,86360000,9.8,65.4,4.8,1.825,4.09,-0.06407322654462244,-5.0,1,1.0,0.337152350110146
258,1982-09-30,17.973242701618634,72.5682,97.7,10.31,12.17,47.8258,671000,64.1,456.9,1858.4,1858400000000.0,173400.0,120.419998,62610000,10.1,69.3,4.5,1.825,3.85,-0.02777777777777779,-8.0,1,1.0,0.21420731160845433
288,1982-10-31,18.72751716378749,71.8027,98.1,9.71,9.41,47.3656,637000,64.1,464.5,1869.7,1869700000000.0,175000.0,133.720001,74830000,10.4,73.4,4.7,1.804,2.54,0.0,0.0,1,1.0,0.13562929766853865
315,1982-11-30,15.916617915853696,71.5184,98.0,9.2,8.93,47.2148,612000,64.2,471.5,1883.7,1883700000000.0,177500.0,138.529999,93470000,10.8,72.1,4.5,1.804,2.23,-0.0044642857142858094,-5.0,1,1.0,0.14010514116688166
343,1982-12-31,12.344668661861755,70.9657,97.7,8.95,11.2,46.8797,489000,64.1,474.8,1905.9,1905900000000.0,180700.0,140.639999,42110000,10.8,71.9,3.7,1.804,2.16,0.0046511627906977715,2.0,0,0.0,0.17497431961646842
374,1983-01-31,9.944120858809203,72.2448,97.9,8.68,8.56,47.7491,503000,63.9,477.2,1959.4,1959400000000.0,178900.0,145.300003,67140000,10.4,70.4,2.8,1.745,2.44,-0.004081632653061273,-3.0,0,0.0,0.24537111270509912
401,1983-02-28,10.60864776097766,71.77,98.0,8.51,8.53,47.4548,481000,63.8,484.3,1996.8,1996800000000.0,177000.0,148.059998,83750000,10.4,74.6,3.0,1.745,2.06,-0.05504587155963303,-4.0,0,0.0,0.1941812044676801
432,1983-03-31,7.947882282038499,72.3463,98.1,8.77,10.81,47.8516,481000,63.7,490.6,2015.2,2015200000000.0,177300.0,152.960007,100570000,10.3,80.8,1.8,1.745,1.66,0.03105590062111796,1.0,0,0.0,0.20886066767136838
459,1983-04-30,7.648394158028388,73.2328,98.8,8.8,8.84,48.4511,490000,63.8,493.2,2028.6,2028600000000.0,180000.0,164.429993,105750000,10.2,89.1,3.4,1.753,1.89,0.0,0.0,0,0.0,0.24711069551980389
489,1983-05-31,9.2899190729668,73.6723,99.2,8.63,8.94,48.7542,454000,63.7,500.0,2043.1,2043100000000.0,181400.0,162.389999,73910000,10.1,93.3,3.2,1.753,1.84,0.01098901098901095,6.0,0,0.0,0.19806415809953695
519,1983-06-30,11.971385004451955,74.0991,99.4,8.98,10.06,49.0496,442000,64.3,504.0,2053.5,2053500000000.0,183300.0,167.639999,76310000,10.1,92.2,3.2,1.753,1.81,0.011173184357541999,2.0,0,0.0,0.15119386765415127
549,1983-07-31,9.637733425942953,75.1751,99.8,9.37,9.52,49.7773,415000,64.1,507.8,2064.8,2064800000000.0,185300.0,162.559998,95240000,9.4,92.8,3.2,1.779,2.17,0.0,0.0,0,0.0,0.2251566736800139
580,1983-08-31,8.826621507552343,76.044,100.1,9.56,9.59,50.3727,426000,64.3,510.5,2074.0,2074000000000.0,185400.0,164.399994,80800000,9.5,90.9,3.3,1.779,2.34,0.05882352941176472,1.0,0,0.0,0.2651070965258701
609,1983-09-30,9.642537693585215,77.0993,100.4,9.45,10.59,51.098,416000,64.3,512.8,2083.2,2083200000000.0,184900.0,166.070007,70860000,9.2,89.9,3.3,1.779,2.4,0.06194690265486735,1.0,0,0.0,0.2488971343712373
639,1983-10-31,7.5661924264922,77.6543,100.8,9.48,9.43,51.4993,404000,64.0,517.2,2099.2,2099200000000.0,186400.0,163.550003,79460000,8.8,89.3,3.7,1.797,2.91,0.06985294117647056,4.0,0,0.0,0.3846056029200304
664,1983-11-30,5.7238133031341905,77.9349,101.1,9.34,9.34,51.727,398000,64.1,519.0,2112.3,2112300000000.0,189100.0,166.399994,120130000,8.5,91.1,3.5,1.797,2.39,0.01271186440677985,1.0,0,0.0,0.41755380083611515
694,1983-12-31,7.304303017942601,78.2537,101.4,9.47,9.92,51.9886,372000,64.1,521.4,2123.5,2123500000000.0,192200.0,164.929993,71840000,8.3,94.2,3.5,1.797,2.49,0.0,0.0,0,0.0,0.34089494834530526
724,1984-01-31,10.128071866601646,79.7126,102.1,9.56,9.35,53.0175,364000,63.9,525.1,2138.2,2138200000000.0,191300.0,163.410004,113510000,8.0,100.1,3.2,1.812,2.41,-0.004132231404958553,-1.0,0,0.0,0.23795249794259674
751,1984-02-29,9.195946634588049,79.9814,102.6,9.59,9.45,53.2651,343000,64.1,527.5,2158.2,2158200000000.0,186800.0,157.059998,92810000,7.8,97.4,3.3,1.812,2.55,0.020000000000000018,6.0,0,0.0,0.27729608503912684
782,1984-03-31,8.573578214927489,80.2384,102.9,9.91,10.24,53.5145,341000,64.1,531.4,2175.2,2175200000000.0,189100.0,159.179993,71590000,7.8,101.0,3.4,1.812,2.44,0.0,0.0,0,0.0,0.284595292517622
809,1984-04-30,7.299433528773997,80.5838,103.3,10.29,10.9,53.8319,375000,64.3,535.0,2191.7,2191700000000.0,192200.0,160.050003,72740000,7.7,96.1,3.9,1.82,2.72,0.0036900369003691758,3.0,0,0.0,0.37263165549462135
839,1984-05-31,11.61350940480699,80.8718,103.5,10.32,10.81,54.1204,354000,64.5,536.7,2204.1,2204100000000.0,192800.0,150.550003,81890000,7.4,98.1,4.2,1.82,3.78,-0.015625,-1.0,0,0.0,0.3254830101946106
869,1984-06-30,7.163178671682926,81.0034,103.7,11.06,10.85,54.3133,360000,64.6,540.2,2215.1,2215100000000.0,195700.0,153.179993,90770000,7.2,95.5,4.2,1.82,3.53,0.0,0.0,0,0.0,0.4927979828221508
899,1984-07-31,14.549059725818848,81.0623,104.1,11.23,11.83,54.4644,359000,64.6,540.9,2223.5,2223500000000.0,197500.0,150.660004,86910000,7.5,96.6,3.4,1.829,2.08,-0.09170305676855894,-1.0,0,0.0,0.14296456535323857
930,1984-08-31,8.427859373456426,80.9851,104.4,11.64,11.64,54.53,395000,64.4,541.0,2230.4,2230400000000.0,196700.0,166.679993,57460000,7.5,99.1,3.0,1.829,1.73,-0.011428571428571455,-1.0,0,0.0,0.20527157886006514
959,1984-09-30,9.742692901218032,80.5773,104.7,11.3,11.23,54.3775,402000,64.4,543.1,2244.4,2244400000000.0,197900.0,166.100006,78950000,7.3,100.9,3.0,1.829,1.84,0.0,0.0,0,0.0,0.1888594887117876
989,1984-10-31,7.642448074868507,80.3528,105.1,9.99,9.99,54.3528,425000,64.4,543.7,2258.9,2258900000000.0,198100.0,166.089996,91890000,7.4,96.3,3.5,1.818,2.44,0.10407239819004532,1.0,0,0.0,0.3192694246786861
1016,1984-11-30,9.786255921696,80.4271,105.3,9.43,8.92,54.5344,429000,64.5,547.5,2281.4,2281400000000.0,200600.0,163.580002,77580000,7.2,95.7,3.4,1.818,2.84,0.025270758122743597,7.0,0,0.0,0.2902029154688012
1046,1984-12-31,9.008082704540328,80.2683,105.5,8.38,8.74,54.5608,379000,64.6,551.6,2306.4,2306400000000.0,204800.0,167.240005,80260000,7.3,92.9,3.3,1.818,3.43,-0.00867052023121384,-5.0,0,0.0,0.38076915060639743
1075,1985-01-31,7.2507638999248005,80.0283,105.7,8.35,8.73,54.5342,368000,64.7,557.0,2332.4,2332400000000.0,203200.0,179.630005,132500000,7.3,96.0,2.9,1.799,2.84,-0.046979865771812124,-6.0,0,0.0,0.39168286806710867
1101,1985-02-28,8.00658913046733,80.0705,106.3,8.5,8.74,54.7019,390000,64.7,563.6,2354.1,2354100000000.0,200200.0,181.179993,100700000,7.2,93.7,3.1,1.799,3.1,-0.01273885350318471,-1.0,0,0.0,0.3871811016508423
1132,1985-03-31,4.643428979092328,79.972,106.8,8.58,8.58,54.7739,386000,64.9,566.6,2366.2,2366200000000.0,202700.0,180.660004,101400000,7.2,93.7,3.0,1.799,3.18,0.0,0.0,0,0.0,0.684838728947591
1159,1985-04-30,7.296123394192043,79.6139,107.0,8.27,8.58,54.6662,386000,64.9,570.4,2375.4,2375400000000.0,205500.0,179.830002,111800000,7.3,94.6,3.3,1.795,3.29,-0.02083333333333326,-1.0,0,0.0,0.4509243912485018
1189,1985-05-31,7.063886556982976,79.5339,107.2,7.97,7.64,54.7472,396000,64.8,575.1,2389.5,2389500000000.0,206700.0,189.550003,134100000,7.2,91.8,3.2,1.795,2.9,-0.023569023569023684,-7.0,0,0.0,0.4105388693046347
1219,1985-06-30,5.542194765356044,79.3029,107.5,7.53,7.95,54.7211,390000,64.6,582.3,2412.6,2412600000000.0,210200.0,191.850006,105200000,7.4,96.5,3.4,1.795,3.2,0.0,0.0,0,0.0,0.5773885861974799
1249,1985-07-31,6.828358643005591,78.7087,107.7,7.88,8.61,54.4381,362000,64.7,589.1,2429.5,2429500000000.0,212300.0,190.919998,124200000,7.4,94.0,2.8,1.795,3.05,-0.02866242038216571,-2.0,0,0.0,0.4466666382739239
1280,1985-08-31,6.341776807937944,78.7942,107.9,7.9,7.8,54.619,409000,64.6,596.2,2444.0,2444000000000.0,212800.0,188.630005,81620000,7.1,92.4,2.8,1.795,2.9,0.0,0.0,0,0.0,0.45728509340948365
1306,1985-09-30,8.085287134153369,78.918,108.1,7.92,8.84,54.82,399000,64.9,603.3,2456.4,2456400000000.0,214700.0,182.080002,103600000,7.1,92.1,2.9,1.795,3.04,-0.006535947712418277,-4.0,0,0.0,0.37599159430697526
1336,1985-10-31,7.277571268896304,78.4912,108.5,7.99,8.08,54.6304,418000,65.0,607.8,2468.0,2468000000000.0,216000.0,189.820007,121500000,7.1,88.4,3.3,1.792,2.59,0.015686274509803866,1.0,0,0.0,0.3558879610110355
1364,1985-11-30,8.868106512762512,78.6182,109.0,8.05,8.54,54.8176,393000,64.9,612.2,2477.8,2477800000000.0,219500.0,202.169998,84060000,7.0,90.9,3.1,1.792,2.2,0.0,0.0,0,0.0,0.2480800153712493
1394,1985-12-31,11.047634996418745,79.2651,109.5,8.27,13.46,55.3596,390000,65.0,619.8,2492.1,2492100000000.0,224700.0,211.279999,112700000,7.0,93.9,3.5,1.792,1.72,-0.0652173913043479,-1.0,0,0.0,0.155689430412714
1423,1986-01-31,8.562159863042773,79.5636,109.9,8.14,8.09,55.6511,344000,64.9,621.4,2502.1,2502100000000.0,221700.0,211.779999,143500000,6.7,95.6,2.9,1.792,1.89,0.032786885245901454,2.0,0,0.0,0.220738695636587
1450,1986-02-28,8.92475121941512,78.9134,109.7,7.86,7.95,55.27,390000,65.0,625.2,2512.9,2512900000000.0,217800.0,226.919998,191700000,7.2,95.9,2.8,1.792,0.89,0.0,0.0,0,0.0,0.09972266768219516
1478,1986-03-31,12.655468414871603,78.2664,109.1,7.48,8.06,54.8828,396000,65.1,633.5,2533.1,2533100000000.0,221400.0,238.899994,134400000,7.2,95.1,2.3,1.792,0.86,-0.10416666666666663,-3.0,0,0.0,0.06795481382493934
1508,1986-04-30,10.05902459443817,78.2696,108.7,6.99,7.05,54.9456,391000,65.1,641.0,2557.8,2557800000000.0,225100.0,235.520004,147500000,7.1,96.2,2.4,1.76,1.1,-0.009009009009009028,-5.0,0,0.0,0.10935453926697936
1538,1986-05-31,11.360109304104448,78.3421,109.0,6.85,6.84,55.0535,373000,65.2,652.0,2584.8,2584800000000.0,226400.0,247.350006,151200000,7.2,94.8,2.7,1.76,1.56,0.0,0.0,0,0.0,0.1373226223656463
1568,1986-06-30,12.837541682850265,77.9558,109.4,6.92,7.72,54.837,371000,65.4,660.6,2605.0,2605000000000.0,230100.0,250.839996,135100000,7.2,99.3,2.9,1.76,1.22,0.033898305084745894,5.0,0,0.0,0.09503377127334309
1596,1986-07-31,7.543963454374546,78.3535,109.5,6.56,6.35,55.1716,362000,65.4,670.3,2626.6,2626600000000.0,233000.0,236.119995,112700000,7.0,97.7,2.8,1.741,1.38,-0.007194244604316502,-1.0,0,0.0,0.18292771543051076
1627,1986-08-31,17.763030119419067,78.1419,109.6,6.17,5.77,55.0792,401000,65.3,678.7,2646.5,2646500000000.0,233200.0,252.929993,125300000,6.9,94.9,3.0,1.741,1.64,0.0,0.0,0,0.0,0.0923265900566764
1656,1986-09-30,7.634307292931091,78.2726,110.0,5.89,6.9,55.2317,389000,65.4,687.4,2667.8,2667800000000.0,235100.0,231.320007,124900000,7.0,91.9,2.9,1.741,2.11,-0.009389671361502372,-1.0,0,0.0,0.276383949327496
1686,1986-10-31,11.657446088104777,78.5086,110.2,5.85,5.93,55.4645,370000,65.4,694.9,2687.4,2687400000000.0,237000.0,243.979996,147200000,7.0,95.6,3.2,1.721,2.0,0.005025125628140614,1.0,0,0.0,0.1715641646450155
1714,1986-11-30,9.75610536116789,78.7174,110.4,6.04,6.03,55.6854,366000,65.4,705.4,2701.3,2701300000000.0,242000.0,249.220001,93530000,6.9,91.4,2.8,1.721,1.61,0.0,0.0,0,0.0,0.16502486805936556
1744,1986-12-31,9.622390177158914,79.3476,110.8,6.91,14.35,56.212,345000,65.3,724.7,2728.0,2728000000000.0,248600.0,242.169998,139200000,6.6,89.1,3.0,1.721,1.4,0.01449275362318847,2.0,0,0.0,0.14549399621346062
1773,1987-01-31,10.425665229636998,78.9277,111.4,6.43,6.28,56.0012,370000,65.4,730.2,2743.9,2743900000000.0,247000.0,274.079987,163400000,6.6,90.4,2.9,1.718,1.42,0.0,0.0,0,0.0,0.13620233996804074
1800,1987-02-28,8.966567683198374,79.8385,111.8,6.1,6.02,56.7438,348000,65.5,730.7,2747.5,2747500000000.0,242500.0,284.200012,142800000,6.6,90.2,3.1,1.718,1.59,0.0,0.0,0,0.0,0.17732537757779432
1831,1987-03-31,15.968141616500253,79.8055,112.2,6.13,6.23,56.8235,326000,65.5,733.8,2753.7,2753700000000.0,244800.0,291.700012,171800000,6.6,90.8,3.0,1.718,1.72,0.01775147928994092,5.0,0,0.0,0.10771447556694286
1858,1987-04-30,13.385919629827395,80.1758,112.7,6.37,7.63,57.1954,328000,65.4,743.9,2767.7,2767700000000.0,249600.0,288.359985,183100000,6.3,92.8,3.0,1.734,2.51,0.020325203252032464,2.0,0,0.0,0.18751046393607887
1888,1987-05-31,7.181999664443876,80.5155,113.0,6.85,6.63,57.5498,326000,65.7,745.8,2772.9,2772900000000.0,250600.0,290.100006,153500000,6.3,91.1,3.4,1.734,2.62,0.0,0.0,0,0.0,0.3648009081608436
1918,1987-06-30,7.766277666269482,80.7902,113.5,6.73,6.56,57.8603,326000,65.5,743.2,2774.6,2774600000000.0,252900.0,304.0,165500000,6.2,91.5,3.3,1.734,2.47,0.004065040650406582,5.0,0,0.0,0.31804168047296466
1946,1987-07-31,10.15907494792864,81.1772,113.8,6.58,6.75,58.2501,324000,65.6,743.0,2779.0,2779000000000.0,254800.0,318.660004,181900000,6.1,93.7,3.1,1.751,2.39,0.021367521367521514,1.0,0,0.0,0.23525764031175922
1977,1987-08-31,11.35260361962922,81.6378,114.3,6.73,6.95,58.6889,322000,65.7,744.9,2788.2,2788200000000.0,254600.0,329.799988,165800000,6.0,94.4,3.2,1.751,2.55,0.020000000000000018,5.0,0,0.0,0.22461807752989124
2006,1987-09-30,73.11914021345832,81.8095,114.7,7.22,8.38,58.9137,317000,65.5,747.6,2799.5,2799500000000.0,256300.0,321.829987,183100000,5.9,93.6,3.0,1.751,2.8,0.02941176470588225,2.0,0,0.0,0.03829366690890918
2036,1987-10-31,20.5058770498279,82.7829,115.0,7.29,6.62,59.7083,289000,65.7,756.2,2814.8,2814800000000.0,258100.0,251.789993,303400000,6.0,89.3,3.3,1.776,3.43,0.0,0.0,0,0.0,0.1672691195633979
2064,1987-11-30,26.694093562545834,83.0749,115.4,6.69,7.19,60.0022,306000,65.7,753.2,2818.9,2818900000000.0,262400.0,230.300003,268910000,5.8,83.1,3.2,1.776,3.57,0.0851063829787233,6.0,0,0.0,0.13373744988325897
2092,1987-12-31,27.72031755236092,83.4335,115.6,6.77,6.89,60.3336,316000,65.7,750.2,2826.4,2826400000000.0,266900.0,247.080002,170140000,5.7,86.8,3.1,1.776,2.97,0.02768166089965396,2.0,0,0.0,0.10714162975910957
2119,1988-01-31,10.431933805727848,83.3283,116.0,6.83,6.79,60.3186,342000,65.8,756.2,2847.4,2847400000000.0,266300.0,257.070007,211880000,5.7,90.8,3.2,1.768,2.44,0.0,0.0,0,0.0,0.23389718967160936
2147,1988-02-29,9.948367174098946,83.6774,116.2,6.58,6.67,60.6209,319000,65.9,757.7,2870.4,2870400000000.0,260700.0,267.820007,236050000,5.7,91.6,3.1,1.768,2.36,-0.024793388429752095,-4.0,0,0.0,0.237224858984334
2178,1988-03-31,17.30483342850612,83.8133,116.5,6.58,6.83,60.7591,304000,65.7,761.8,2890.7,2890700000000.0,263400.0,258.890015,139870000,5.7,94.6,3.2,1.768,2.7,0.018867924528301883,2.0,0,0.0,0.1560257722881233
2205,1988-04-30,10.206103389940678,84.2599,117.2,6.87,6.98,61.1144,313000,65.8,768.1,2910.7,2910700000000.0,268400.0,261.329987,135620000,5.4,91.2,3.3,1.774,2.71,0.0,0.0,0,0.0,0.265527390470199
2235,1988-05-31,15.162900508794918,84.0591,117.5,7.09,7.48,60.9952,313000,65.7,771.7,2926.0,2926000000000.0,268800.0,262.160004,247610000,5.6,94.8,3.3,1.774,2.53,-0.02316602316602323,-11.0,0,0.0,0.16685461983559988
2265,1988-06-30,9.160026737238107,84.2661,118.0,7.51,8.27,61.1697,307000,65.8,778.3,2938.4,2938400000000.0,273100.0,273.5,227410000,5.4,94.7,3.7,1.774,2.05,-0.023809523809523947,-1.0,0,0.0,0.2237984733894027
2295,1988-07-31,8.277013310484046,84.2395,118.5,7.75,7.84,61.1749,331000,65.9,781.4,2947.2,2947200000000.0,275800.0,272.019989,192340000,5.4,93.4,4.6,1.79,1.94,0.0,0.0,0,0.0,0.23438406188651487
2326,1988-08-31,9.41334313391439,84.6276,119.0,8.01,8.14,61.4851,315000,66.1,783.3,2952.0,2952000000000.0,274800.0,261.519989,130480000,5.6,97.4,4.4,1.79,1.71,-0.011560693641618491,-14.0,0,0.0,0.18165703466595332
2355,1988-09-30,10.985397401797904,84.304,119.5,8.19,8.54,61.2844,301000,65.9,783.7,2956.9,2956900000000.0,275200.0,271.910004,175750000,5.4,97.3,3.9,1.79,1.38,-0.048275862068965614,-2.0,0,0.0,0.12562130886354142
2385,1988-10-31,9.549420294150744,84.623,119.9,8.3,8.39,61.5595,294000,66.0,783.3,2965.3,2965300000000.0,275400.0,278.970001,143460000,5.4,94.1,3.9,1.813,1.03,-0.03738317757009346,-6.0,0,0.0,0.10785995047583155
2411,1988-11-30,7.300896340527698,84.7603,120.3,8.35,8.5,61.7128,299000,66.2,784.9,2980.2,2980200000000.0,279200.0,273.700012,157810000,5.3,93.0,3.7,1.813,0.96,0.11627906976744184,1.0,0,0.0,0.13149070404834876
2441,1988-12-31,6.43751761138916,85.0642,120.7,8.76,9.04,61.9983,304000,66.1,786.7,2988.2,2988200000000.0,283800.0,277.720001,127210000,5.3,91.9,3.9,1.813,0.77,0.0,0.0,0,0.0,0.1196113232587865
2470,1989-01-31,7.69641775802597,85.208,121.2,9.12,9.14,62.1789,295000,66.5,785.7,2991.7,2991700000000.0,282200.0,297.470001,194050000,5.4,97.9,3.5,1.84,0.32,-0.23809523809523803,-1.0,0,0.0,0.04157778463445516
2497,1989-02-28,10.343159671910126,84.7168,121.6,9.36,9.87,61.9074,300000,66.3,783.8,2992.2,2992200000000.0,275300.0,288.859985,147430000,5.2,95.4,4.1,1.84,0.29,-0.21621621621621623,-7.0,0,0.0,0.028037853924616458
2525,1989-03-31,7.927214712457368,84.7889,122.2,9.85,9.79,62.0592,319000,66.3,783.0,2999.7,2999700000000.0,278800.0,294.869995,170960000,5.0,94.3,3.7,1.84,0.07,0.40000000000000013,1.0,0,0.0,0.008830339853163964
2555,1989-04-30,8.212132603771348,84.6158,123.1,9.84,9.82,62.0424,311000,66.4,779.2,3006.0,3006000000000.0,281600.0,309.640015,158390000,5.2,91.5,4.3,1.861,0.31,0.0,0.0,0,0.0,0.03774902512626687
2585,1989-05-31,7.552598066436565,83.9786,123.7,9.81,10.48,61.6948,325000,66.3,775.0,3011.6,3011600000000.0,280600.0,320.519989,162530000,5.2,90.7,4.6,1.861,-0.32,0.3333333333333335,4.0,0,0.0,-0.04236952598100868
2615,1989-06-30,6.434475792754273,83.7983,124.1,9.53,9.63,61.6915,338000,66.5,773.5,3027.9,3027900000000.0,283700.0,317.980011,170490000,5.3,90.6,3.8,1.861,-0.16,0.5999999999999999,1.0,0,0.0,-0.024866050499431924
2645,1989-07-31,8.035387570996908,82.8088,124.5,9.24,8.94,61.0978,337000,66.5,777.8,3052.4,3052400000000.0,285700.0,346.079987,166650000,5.2,92.0,4.1,1.853,-0.22,-0.12,-10.0,0,0.0,-0.027378890944112326
2676,1989-08-31,5.77846652867956,83.4265,124.5,8.99,8.92,61.6949,332000,66.5,779.4,3074.4,3074400000000.0,283900.0,351.450012,144820000,5.2,89.6,3.5,1.853,0.1,-0.09090909090909083,-1.0,0,0.0,0.017305629357491678
2705,1989-09-30,22.312791426142294,82.9458,124.8,9.02,9.24,61.4839,347000,66.4,781.0,3092.5,3092500000000.0,284000.0,349.149994,155300000,5.3,95.8,3.4,1.853,0.13,0.0,0.0,0,0.0,0.005826254434830075
2733,1989-10-31,9.173386939706322,82.6489,125.4,8.84,8.89,61.4105,354000,66.5,786.6,3114.1,3114100000000.0,284200.0,340.359985,176100000,5.3,93.9,3.6,1.834,-0.12,0.33333333333333326,4.0,0,0.0,-0.013081318905298645
2762,1989-11-30,8.50744334141711,82.7278,125.9,8.55,8.6,61.6172,342000,66.6,787.9,3133.3,3133300000000.0,287800.0,345.98999,153200000,5.4,90.9,3.5,1.834,0.0,-1.0,-2.0,0,0.0,0.0
2792,1989-12-31,12.134205464815071,82.9946,126.3,8.45,7.97,61.9635,358000,66.5,792.9,3152.5,3152500000000.0,294300.0,353.399994,145940000,5.4,90.5,3.5,1.834,0.13,0.0,0.0,0,0.0,0.010713515637835068
2821,1990-01-31,25.36,82.3733,127.5,8.23,8.26,61.644,345000,66.8,795.4,3166.8,3166800000000.0,293100.0,329.079987,189660000,5.4,93.0,4.1,1.848,0.43,-0.1568627450980392,-1.0,0,0.0,0.01695583596214511
2848,1990-02-28,21.99,82.9404,128.0,8.24,8.29,62.2108,350000,66.7,798.1,3179.2,3179200000000.0,287700.0,331.890015,184400000,5.3,89.5,4.1,1.848,0.47,0.11904761904761907,1.0,0,0.0,0.021373351523419737
2879,1990-03-31,19.73,83.1505,128.6,8.28,8.3,62.5068,346000,66.7,801.5,3190.1,3190100000000.0,292400.0,339.940002,139340000,5.2,91.3,3.7,1.848,0.58,0.0,0.0,0,0.0,0.029396857577293458
2906,1990-04-30,19.52,82.7796,128.9,8.26,8.23,62.3597,363000,66.6,806.1,3201.6,3201600000000.0,297400.0,330.799988,122750000,5.4,93.9,3.6,1.859,0.97,-0.03960396039603964,-3.0,0,0.0,0.04969262295081967
2936,1990-05-31,17.37,82.8617,129.1,8.18,8.23,62.5474,359000,66.6,804.2,3200.6,3200600000000.0,297300.0,361.230011,165690000,5.4,90.6,3.4,1.859,0.59,0.0,0.0,0,1.0,0.03396660909614277
2966,1990-06-30,15.5,82.9777,129.9,8.29,8.32,62.7541,364000,66.4,808.8,3213.7,3213700000000.0,301700.0,358.019989,145510000,5.2,88.3,3.8,1.859,0.43,0.0,0.0,0,1.0,0.027741935483870966
2996,1990-07-31,21.11,82.6936,130.5,8.15,8.05,62.6497,369000,66.5,810.1,3224.5,3224500000000.0,303900.0,356.149994,175380000,5.5,88.2,3.4,1.856,0.62,0.03333333333333344,1.0,0,1.0,0.02936996684036002
3027,1990-08-31,29.9,82.8569,131.6,8.13,8.06,62.8761,394000,66.5,815.7,3242.0,3242000000000.0,305100.0,322.559998,96480000,5.7,76.4,4.6,1.856,1.23,0.06034482758620685,2.0,1,1.0,0.0411371237458194
3056,1990-09-30,29.11,82.7583,132.5,8.2,8.03,62.896,404000,66.4,820.2,3254.6,3254600000000.0,308000.0,306.049988,201010000,5.9,72.8,4.7,1.856,1.45,0.0,0.0,1,1.0,0.0498110614908966
3086,1990-10-31,30.04,82.1312,133.4,8.11,9.52,62.506,440000,66.4,819.9,3259.3,3259300000000.0,308800.0,304.0,156060000,5.9,63.9,4.8,1.839,1.31,-0.015037593984962405,-1.0,1,1.0,0.04360852197070573
3114,1990-11-30,22.16,81.0047,133.7,7.81,7.61,61.7271,462000,66.4,822.1,3262.6,3262600000000.0,313700.0,322.220001,192350000,6.2,66.0,4.7,1.839,1.02,-0.037735849056603765,-1.0,1,1.0,0.046028880866425995
3144,1990-12-31,26.38,80.3427,134.2,7.31,5.53,61.2939,454000,66.4,824.7,3271.8,3271800000000.0,315300.0,330.220001,114130000,6.3,65.5,4.7,1.839,1.45,-0.033333333333333326,-3.0,1,1.0,0.05496588324488249
3173,1991-01-31,20.91,79.9936,134.7,6.91,8.18,61.0931,462000,66.2,827.2,3287.7,3287700000000.0,309600.0,343.929993,204520000,6.4,66.8,3.9,1.826,1.66,0.0,0.0,1,1.0,0.07938785270205642
3200,1991-02-28,21.23,79.3375,134.8,6.25,6.99,60.6522,499000,66.2,832.6,3304.5,3304500000000.0,306900.0,367.070007,223010000,6.6,70.4,3.4,1.826,1.8,0.016949152542372836,2.0,1,1.0,0.08478568064060292
3255,1991-04-30,18.24,78.9476,135.1,5.91,5.98,60.4658,462000,66.4,843.1,3332.4,3332400000000.0,314100.0,375.339996,206230000,6.7,81.8,3.2,1.833,2.34,0.01739130434782621,4.0,0,0.0,0.12828947368421054
3285,1991-05-31,15.93,79.6602,135.6,5.78,5.92,61.0671,443000,66.2,848.8,3343.0,3343000000000.0,314300.0,389.829987,232040000,6.9,78.3,3.1,1.833,2.35,-0.02083333333333326,-7.0,0,0.0,0.1475204017576899
3315,1991-06-30,19.55,80.229,136.0,5.9,6.74,61.5611,418000,66.2,856.7,3351.9,3351900000000.0,318100.0,371.160004,163770000,6.9,82.1,3.3,1.833,2.53,0.0,0.0,0,0.0,0.12941176470588234
3345,1991-07-31,15.18,80.3605,136.2,5.82,5.85,61.723,423000,66.1,861.6,3356.1,3356100000000.0,320000.0,387.809998,166830000,6.8,82.9,3.1,1.85,2.5,0.008064516129032251,6.0,0,0.0,0.16469038208168643
3376,1991-08-31,14.46,80.2919,136.6,5.66,5.5,61.736,425000,66.0,866.8,3355.0,3355000000000.0,320100.0,395.429993,143440000,6.9,82.0,3.2,1.85,2.33,0.0,0.0,0,0.0,0.161134163208852
3405,1991-09-30,15.85,80.8617,137.0,5.45,5.6,62.2464,437000,66.2,869.7,3354.9,3354900000000.0,321800.0,387.859985,146780000,6.9,83.0,3.0,1.85,2.21,0.0,0.0,0,0.0,0.13943217665615143
3435,1991-10-31,15.48,80.6759,137.2,5.21,5.23,62.1825,423000,66.1,878.0,3360.1,3360100000000.0,323100.0,392.450012,179680000,7.0,78.3,3.2,1.861,2.51,0.0040000000000000036,2.0,0,0.0,0.16214470284237725
3463,1991-11-30,20.26,80.4548,137.8,4.81,4.86,62.0983,444000,66.1,887.6,3365.5,3365500000000.0,328400.0,375.220001,76830000,7.0,69.1,2.9,1.861,2.91,0.0,0.0,0,0.0,0.14363277393879564
3493,1991-12-31,19.31,79.962,138.2,4.43,4.09,61.8108,441000,66.0,897.0,3372.2,3372200000000.0,335400.0,417.089996,247080000,7.3,68.2,2.7,1.861,2.75,-0.014336917562724039,-10.0,0,0.0,0.14241325737959606
3522,1992-01-31,17.4,79.3991,138.3,4.03,4.4,61.4898,441000,66.3,910.4,3381.2,3381200000000.0,333100.0,408.779999,197620000,7.3,67.5,2.7,1.874,3.37,-0.002958579881656709,-1.0,0,0.0,0.19367816091954027
3550,1992-02-29,16.68,79.8149,138.6,4.06,4.13,61.9299,444000,66.2,925.2,3400.0,3400000000000.0,331200.0,412.700012,202320000,7.4,68.8,2.6,1.874,3.24,0.0,0.0,0,0.0,0.19424460431654678
3581,1992-03-31,16.18,80.3214,139.1,3.98,4.07,62.449,420000,66.4,936.7,3403.9,3403900000000.0,335600.0,403.690002,182360000,7.4,76.0,2.6,1.874,3.39,0.002958579881656931,1.0,0,0.0,0.20951792336217553
3608,1992-04-30,15.53,80.7713,139.4,3.73,3.85,62.9312,424000,66.5,943.8,3399.7,3399700000000.0,333100.0,414.950012,223590000,7.4,77.2,3.0,1.905,3.82,0.0052631578947368585,2.0,0,0.0,0.24597553122987767
3638,1992-05-31,13.86,80.8582,139.7,3.82,3.8,63.1359,411000,66.6,950.6,3398.6,3398600000000.0,334500.0,415.350006,204010000,7.6,79.2,2.9,1.905,3.54,0.0,0.0,0,0.0,0.2554112554112554
3668,1992-06-30,13.35,80.7276,140.1,3.76,4.53,63.1736,420000,66.7,954.3,3393.4,3393400000000.0,337100.0,408.140015,195530000,7.8,80.4,3.1,1.905,3.49,0.00867052023121384,5.0,0,0.0,0.2614232209737828
3696,1992-07-31,13.17,81.2728,140.5,3.25,3.37,63.7408,564000,66.7,963.3,3393.9,3393900000000.0,340400.0,424.209991,172920000,7.7,76.6,2.7,1.931,3.47,0.008720930232558155,2.0,0,0.0,0.2634776006074412
3727,1992-08-31,13.58,80.6532,140.8,3.3,3.51,63.3917,408000,66.6,973.7,3398.8,3398800000000.0,342700.0,414.029999,161480000,7.6,76.1,2.8,1.931,3.39,-0.002941176470588225,-6.0,0,0.0,0.2496318114874816
3756,1992-09-30,14.28,80.7402,141.1,3.22,4.47,63.5927,409000,66.5,988.0,3410.3,3410300000000.0,346900.0,417.799988,184470000,7.6,75.6,3.0,1.931,3.62,0.011173184357541999,6.0,0,0.0,0.25350140056022413
3786,1992-10-31,16.15,81.1307,141.7,3.1,3.04,64.0282,365000,66.2,1003.7,3423.8,3423800000000.0,349800.0,418.679993,201930000,7.3,73.3,2.8,1.951,3.77,0.0,0.0,0,0.0,0.23343653250773996
3814,1992-11-30,13.01,81.2864,142.1,3.09,3.45,64.2732,341000,66.3,1015.7,3426.5,3426500000000.0,355900.0,431.350006,230150000,7.4,85.3,2.9,1.951,3.57,-0.008333333333333415,-3.0,0,0.0,0.2744043043812452
3842,1992-12-31,12.57,81.2604,142.3,2.92,2.66,64.3668,313000,66.3,1024.9,3424.7,3424700000000.0,361900.0,435.709991,165910000,7.4,91.0,2.8,1.951,3.55,0.017191977077363862,3.0,0,0.0,0.2824184566428003
3869,1993-01-31,12.42,81.447,142.8,3.02,3.02,64.6256,340000,66.2,1030.4,3419.1,3419100000000.0,360600.0,438.779999,247200000,7.3,89.3,2.9,1.971,3.43,0.0,0.0,0,0.0,0.27616747181964574
3896,1993-02-28,13.16,81.698,143.1,3.03,3.18,64.929,362000,66.2,1033.5,3414.5,3414500000000.0,359500.0,443.380005,234160000,7.1,86.6,3.2,1.971,3.02,0.0,0.0,0,0.0,0.22948328267477203
3927,1993-03-31,12.53,81.502,143.3,3.07,3.83,64.872,366000,66.2,1038.4,3411.7,3411700000000.0,362700.0,451.670013,279190000,7.0,85.9,3.1,1.971,3.08,0.009836065573770592,1.0,0,0.0,0.2458100558659218
3954,1993-04-30,12.42,81.6217,143.8,2.96,3.01,65.0611,350000,66.1,1047.6,3411.3,3411300000000.0,368800.0,440.190002,247460000,7.1,85.6,3.0,1.985,3.08,0.01650165016501659,1.0,0,0.0,0.24798711755233496
4014,1993-06-30,11.26,81.2566,144.3,3.04,3.92,64.9553,340000,66.5,1075.1,3442.4,3442400000000.0,375800.0,450.529999,281120000,7.0,81.5,3.5,1.985,2.7,0.003717472118959231,5.0,0,0.0,0.23978685612788633
4044,1993-07-31,11.73,81.3428,144.5,3.06,3.07,65.1198,356000,66.4,1084.6,3442.0,3442000000000.0,379100.0,448.130005,254420000,6.9,77.0,3.0,1.997,2.73,0.0,0.0,0,0.0,0.23273657289002556
4075,1993-08-31,11.85,81.1291,144.8,3.03,3.19,65.0494,337000,66.4,1094.2,3445.7,3445700000000.0,380900.0,463.559998,252830000,6.8,77.3,3.2,1.997,2.37,0.004237288135593209,1.0,0,0.0,0.2
4104,1993-09-30,12.99,81.4164,145.0,3.09,3.99,65.3882,343000,66.2,1104.2,3452.2,3452200000000.0,384700.0,458.929993,280980000,6.7,77.9,3.0,1.997,2.42,0.025423728813559254,2.0,0,0.0,0.18629715165511931
4134,1993-10-31,11.46,81.8692,145.6,2.99,3.03,65.8702,348000,66.3,1113.1,3456.7,3456700000000.0,388200.0,467.829987,270570000,6.8,82.7,3.3,2.023,2.33,0.0,0.0,0,0.0,0.20331588132635253
4162,1993-11-30,13.76,82.0917,146.0,3.02,3.16,66.1779,337000,66.3,1124.1,3470.1,3470100000000.0,392000.0,461.790009,286660000,6.6,81.2,2.8,2.023,2.62,0.0234375,1.0,0,0.0,0.19040697674418605
4190,1993-12-31,11.66,82.3931,146.3,2.96,2.85,66.5602,290000,66.4,1129.6,3474.5,3474500000000.0,398600.0,466.450012,168590000,6.5,88.2,3.0,2.023,2.76,-0.007194244604316502,-1.0,0,0.0,0.2367066895368782
4220,1994-01-31,10.63,82.4707,146.3,3.05,3.68,66.7722,406000,66.6,1131.6,3474.9,3474900000000.0,397800.0,481.609985,322870000,6.6,94.3,2.8,2.047,2.65,-0.014869888475836479,-6.0,0,0.0,0.24929444967074316
4247,1994-02-28,14.87,82.3162,146.7,3.25,3.49,66.8068,327000,66.6,1136.3,3475.7,3475700000000.0,397900.0,467.140015,268690000,6.6,93.2,2.8,2.047,2.68,-0.032490974729241784,-4.0,0,0.0,0.18022864828513788
4278,1994-03-31,20.45,82.9362,147.1,3.34,4.18,67.4832,322000,66.5,1140.1,3480.1,3480100000000.0,400800.0,445.769989,403580000,6.5,91.5,3.0,2.047,3.21,0.0,0.0,0,0.0,0.1569682151589242
4304,1994-04-30,13.77,83.194,147.2,3.56,3.73,67.8771,344000,66.5,1141.1,3481.3,3481300000000.0,406900.0,450.910004,293970000,6.4,92.6,3.0,2.08,3.09,0.0,0.0,0,0.0,0.22440087145969498
4334,1994-05-31,13.03,83.3452,147.5,4.01,4.6,68.1961,348000,66.6,1143.3,3490.8,3490800000000.0,407100.0,456.5,216700000,6.1,92.8,3.1,2.08,2.86,0.014184397163120588,4.0,0,0.0,0.2194934765924789
4364,1994-06-30,14.97,83.6506,147.9,4.25,5.96,68.6526,341000,66.4,1145.2,3479.5,3479500000000.0,411600.0,444.269989,293410000,6.1,91.2,2.7,2.08,3.08,0.030100334448160515,3.0,0,0.0,0.20574482297929192
4394,1994-07-31,11.13,83.4915,148.4,4.26,4.29,68.7353,332000,66.4,1150.7,3488.2,3488200000000.0,415000.0,458.26001,269560000,6.1,89.0,2.9,2.103,2.73,0.0,0.0,0,0.0,0.2452830188679245
4425,1994-08-31,11.97,83.7838,149.0,4.47,4.7,69.1954,341000,66.6,1150.6,3485.7,3485700000000.0,415300.0,475.48999,354650000,6.0,91.7,3.1,2.103,2.51,0.008032128514056103,1.0,0,0.0,0.20969089390142018
4454,1994-09-30,14.28,83.7623,149.3,4.73,5.44,69.4017,325000,66.6,1151.9,3486.1,3486100000000.0,416900.0,462.709991,291900000,5.9,91.5,3.4,2.103,2.82,-0.04081632653061229,-1.0,0,0.0,0.19747899159663865
4484,1994-10-31,14.56,84.1694,149.4,4.76,4.9,69.969,331000,66.7,1150.2,3484.3,3484300000000.0,418700.0,472.350006,302820000,5.8,92.7,3.0,2.139,2.61,-0.018796992481203145,-4.0,0,0.0,0.17925824175824173
4510,1994-11-30,15.95,84.4489,149.8,5.29,5.66,70.4367,329000,66.7,1150.9,3487.2,3487200000000.0,423100.0,453.690002,298650000,5.6,91.6,3.2,2.139,2.19,-0.030973451327433565,-7.0,0,0.0,0.1373040752351097
4540,1994-12-31,13.2,85.0057,150.1,5.45,4.94,71.1413,319000,66.7,1150.7,3486.4,3486400000000.0,428500.0,459.269989,256260000,5.5,95.1,3.0,2.139,2.16,0.0,0.0,0,0.0,0.16363636363636366
4569,1995-01-31,11.96,84.8791,150.5,5.53,5.86,71.2762,324000,66.8,1151.4,3492.4,3492400000000.0,426200.0,470.420013,411590000,5.6,97.6,3.0,2.155,1.6,-0.053254437869822424,-7.0,0,0.0,0.13377926421404682
4596,1995-02-28,11.75,84.4876,150.9,5.92,6.1,71.1904,336000,66.8,1147.4,3489.9,3489900000000.0,422900.0,487.390015,317220000,5.4,95.1,3.0,2.155,1.28,-0.030303030303030276,-10.0,0,0.0,0.10893617021276596
4627,1995-03-31,13.37,84.3121,151.2,5.98,6.3,71.2891,332000,66.7,1146.7,3491.1,3491100000000.0,427700.0,500.709991,353060000,5.4,90.3,3.2,2.155,1.32,0.01538461538461533,1.0,0,0.0,0.09872849663425581
4654,1995-04-30,11.75,83.869,151.8,6.05,6.06,71.1623,365000,66.9,1149.3,3499.2,3499200000000.0,433500.0,514.710022,320440000,5.8,92.5,3.3,2.151,1.2,0.0,0.0,0,0.0,0.10212765957446808
4684,1995-05-31,12.85,83.9723,152.1,6.01,6.17,71.5044,374000,66.5,1145.3,3524.2,3524200000000.0,434000.0,533.400024,358180000,5.6,89.8,3.0,2.151,0.49,0.0,0.0,0,0.0,0.03813229571984436
4714,1995-06-30,11.38,83.9443,152.4,6.0,6.11,71.743,358000,66.5,1144.2,3548.9,3548900000000.0,434800.0,544.75,311650000,5.6,92.7,2.9,2.151,0.61,0.0,0.0,0,0.0,0.053602811950790856
4744,1995-07-31,13.49,83.2835,152.6,5.85,5.97,71.4459,351000,66.6,1145.5,3567.4,3567400000000.0,435900.0,562.059998,291950000,5.7,94.4,2.9,2.142,0.85,-0.06593406593406603,-3.0,0,0.0,0.06300963676797627
4775,1995-08-31,11.52,84.0464,152.9,5.74,5.93,72.38,359000,66.6,1145.4,3589.0,3589000000000.0,435500.0,561.880005,300920000,5.7,96.2,2.9,2.142,0.83,-0.04597701149425293,-1.0,0,0.0,0.0720486111111111
4804,1995-09-30,12.74,84.0356,153.1,5.8,6.2,72.6601,355000,66.6,1142.0,3602.1,3602100000000.0,436300.0,584.409973,335250000,5.6,88.9,2.8,2.142,0.77,0.0,0.0,0,0.0,0.06043956043956044
4834,1995-10-31,13.83,83.5543,153.5,5.76,5.97,72.5428,377000,66.6,1137.3,3613.4,3613400000000.0,436600.0,581.5,377390000,5.5,90.2,2.9,2.147,0.55,-0.0350877192982455,-5.0,0,0.0,0.03976861894432394
4863,1995-11-30,11.58,83.4004,153.7,5.8,6.11,72.7178,379000,66.5,1134.1,3619.9,3619900000000.0,439100.0,605.369995,440050000,5.6,88.2,2.8,2.147,0.28,-0.19999999999999984,-6.0,0,0.0,0.024179620034542316
4893,1995-12-31,12.52,83.3221,153.9,5.6,4.73,72.9672,359000,66.4,1127.5,3629.5,3629500000000.0,445800.0,615.929993,321250000,5.6,91.0,2.7,2.147,0.48,0.0,0.0,0,0.0,0.038338658146964855
4922,1996-01-31,12.53,82.5181,154.7,5.56,5.71,72.5866,387000,66.4,1123.5,3647.9,3647900000000.0,441700.0,636.02002,472210000,5.6,89.3,2.8,2.147,0.55,0.12244897959183687,1.0,0,0.0,0.04389465283320033
4950,1996-02-29,17.04,83.3398,155.0,5.22,6.05,73.6389,365000,66.6,1118.5,3661.8,3661800000000.0,435700.0,640.429993,453170000,5.5,88.5,2.8,2.147,1.11,0.009090909090909038,7.0,0,0.0,0.06514084507042255
4981,1996-03-31,18.88,82.8259,155.5,5.31,5.25,73.5202,393000,66.6,1122.6,3686.9,3686900000000.0,440500.0,645.5,413510000,5.5,93.7,2.9,2.147,1.21,0.0,0.0,0,0.0,0.06408898305084745
5008,1996-04-30,15.83,83.2807,156.1,5.22,5.5,74.2664,343000,66.7,1124.8,3697.7,3697700000000.0,443400.0,654.169983,393390000,5.6,92.7,3.0,2.165,1.52,0.048275862068965614,4.0,0,0.0,0.09602021478205938
5038,1996-05-31,16.07,83.5058,156.4,5.24,5.31,74.8145,343000,66.7,1116.5,3709.6,3709600000000.0,443000.0,669.119995,351750000,5.6,89.4,3.1,2.165,1.67,0.043749999999999956,6.0,0,0.0,0.10392034847542003
5068,1996-06-30,13.68,83.7438,156.7,5.27,5.0,75.3779,337000,66.7,1115.2,3722.5,3722500000000.0,446400.0,670.630005,470460000,5.3,92.4,2.9,2.165,1.55,0.0,0.0,0,0.0,0.11330409356725146
5098,1996-07-31,19.46,83.3555,157.0,5.4,6.75,75.3754,327000,66.9,1112.4,3737.1,3737100000000.0,449800.0,639.950012,403560000,5.5,94.7,3.0,2.171,1.48,-0.04516129032258065,-6.0,0,0.0,0.07605344295991777
5129,1996-08-31,17.01,83.3919,157.2,5.22,5.28,75.7568,329000,66.7,1101.6,3744.0,3744000000000.0,450900.0,651.98999,258380000,5.1,95.3,3.1,2.171,1.67,0.0,0.0,0,0.0,0.09817754262198705
5158,1996-09-30,16.95,83.5254,157.7,5.3,6.09,76.2304,348000,66.9,1096.2,3753.4,3753400000000.0,452000.0,687.330017,388570000,5.2,94.7,3.2,2.171,1.58,-0.03658536585365846,-4.0,0,0.0,0.09321533923303836
5188,1996-10-31,18.11,83.1236,158.2,5.24,5.63,76.2193,352000,67.0,1085.7,3772.8,3772800000000.0,452500.0,705.27002,482840000,5.2,96.5,3.0,2.176,1.2,-0.04761904761904767,-8.0,0,0.0,0.06626173384870238
5216,1996-11-30,17.14,83.4621,158.7,5.31,5.44,76.8941,332000,67.0,1083.5,3795.1,3795100000000.0,457000.0,757.02002,14990000,5.4,99.2,3.0,2.176,0.93,0.0,0.0,0,0.0,0.05425904317386231
5246,1996-12-31,20.92,83.5793,159.1,5.29,6.26,77.3731,357000,67.0,1081.3,3818.6,3818600000000.0,465000.0,740.73999,399760000,5.4,96.9,3.0,2.176,1.22,0.1090909090909089,1.0,0,0.0,0.05831739961759082
5299,1997-02-28,21.1,83.9,159.7,5.19,5.5,78.4246,322000,66.9,1078.8,3846.3,3846300000000.0,459900.0,790.820007,508280000,5.2,99.7,3.0,2.174,1.34,-0.014705882352941235,-1.0,0,0.0,0.06350710900473934
5327,1997-03-31,22.14,84.0169,159.8,5.39,7.07,78.9266,325000,67.1,1072.5,3861.2,3861200000000.0,462300.0,757.119995,555880000,5.2,100.0,2.8,2.174,1.57,0.026143790849673332,3.0,0,0.0,0.07091237579042457
5357,1997-04-30,20.06,83.6618,159.9,5.51,5.82,78.9924,337000,67.1,1063.9,3877.0,3877000000000.0,465500.0,801.340027,556070000,5.1,101.4,3.0,2.19,1.44,0.006993006993007089,1.0,0,0.0,0.07178464606181456
5387,1997-05-31,19.19,83.6984,159.9,5.5,5.58,79.4411,321000,67.1,1063.8,3889.2,3889200000000.0,467000.0,848.280029,537200000,4.9,103.2,2.9,2.19,1.71,0.0,0.0,0,0.0,0.0891089108910891
5417,1997-06-30,21.53,83.6264,160.2,5.56,6.87,79.8048,322000,67.1,1066.1,3906.0,3906000000000.0,469800.0,885.140015,561540000,5.0,104.5,2.8,2.19,1.26,-0.038167938931297773,-5.0,0,0.0,0.058522991175104504
5445,1997-07-31,21.48,83.8625,160.4,5.52,5.96,80.48,306000,67.2,1065.5,3923.9,3923900000000.0,473100.0,954.309998,547830000,4.9,107.1,2.7,2.192,0.77,-0.04938271604938271,-6.0,0,0.0,0.03584729981378026
5476,1997-08-31,24.76,84.2102,160.8,5.54,5.52,81.2862,332000,67.2,1075.3,3957.4,3957400000000.0,474300.0,899.469971,413910000,4.8,104.4,2.7,2.192,1.1,0.0,0.0,0,0.0,0.0444264943457189
5505,1997-09-30,22.91,84.4781,161.2,5.54,5.81,82.038,317000,67.1,1066.9,3973.1,3973100000000.0,475400.0,947.280029,587500000,4.9,106.0,2.8,2.192,1.06,0.029126213592232997,1.0,0,0.0,0.046268005237887384
5535,1997-10-31,35.09,84.6988,161.5,5.5,5.56,82.7657,306000,67.1,1065.6,3992.3,3992300000000.0,477700.0,914.619995,638070000,4.7,105.6,2.8,2.184,0.63,-0.059701492537313494,-10.0,0,0.0,0.017953833000854943
5562,1997-11-30,27.43,84.838,161.7,5.52,5.5,83.4321,318000,67.2,1070.9,4014.8,4014800000000.0,484600.0,955.400024,189070000,4.6,107.2,2.9,2.184,0.64,0.0,0.0,0,0.0,0.02333211811884798
5592,1997-12-31,24.01,84.6461,161.8,5.5,5.84,83.7826,303000,67.2,1072.3,4032.9,4032900000000.0,493100.0,970.429993,467280000,4.7,102.1,2.8,2.184,0.39,0.11428571428571432,2.0,0,0.0,0.01624323198667222
5621,1998-01-31,21.47,84.4813,162.0,5.56,5.48,84.1656,315000,67.1,1074.0,4056.2,4056200000000.0,491200.0,980.280029,613380000,4.6,106.6,2.3,2.17,0.34,0.0,0.0,0,0.0,0.015836050302748022
5648,1998-02-28,18.55,84.0729,162.0,5.51,5.57,84.3048,317000,67.1,1077.8,4088.9,4088900000000.0,488400.0,1049.339966,574480000,4.6,110.4,2.4,2.17,0.3,0.0,0.0,0,0.0,0.016172506738544472
5679,1998-03-31,24.22,83.5673,162.0,5.49,5.88,84.3416,312000,67.1,1076.9,4114.3,4114300000000.0,491000.0,1101.75,674930000,4.7,106.5,2.5,2.17,0.51,-0.05555555555555558,-1.0,0,0.0,0.02105697770437655
5706,1998-04-30,21.18,83.3178,162.2,5.45,5.59,84.6263,311000,67.0,1076.5,4140.2,4140200000000.0,494100.0,1111.75,695600000,4.3,108.7,2.4,2.155,0.68,-0.08108108108108103,-2.0,0,0.0,0.03210576015108593
5736,1998-05-31,21.32,83.3489,162.6,5.49,5.63,85.1839,322000,67.0,1079.1,4164.4,4164400000000.0,495200.0,1090.819946,556780000,4.4,106.5,2.6,2.155,0.53,0.0,0.0,0,0.0,0.024859287054409006
5766,1998-06-30,19.71,82.3651,162.8,5.56,7.06,84.6809,376000,67.0,1076.3,4184.1,4184100000000.001,498100.0,1133.839966,757200000,4.5,105.6,2.7,2.155,0.34,0.09677419354838723,1.0,0,0.0,0.017250126839167934
5794,1998-07-31,24.8,81.5837,163.2,5.54,5.63,84.3448,335000,67.0,1075.1,4203.8,4203800000000.0,502400.0,1120.670044,645910000,4.5,105.2,2.6,2.155,0.4,-0.06976744186046502,-2.0,0,0.0,0.016129032258064516
5825,1998-08-31,44.28,82.8278,163.4,5.55,5.89,86.0846,310000,67.0,1075.9,4228.7,4228700000000.0,504900.0,957.280029,917500000,4.5,104.4,2.4,2.155,0.09,-0.5,-3.0,0,0.0,0.002032520325203252
5854,1998-09-30,40.95,82.3242,163.5,5.51,6.14,85.9945,294000,67.2,1079.9,4267.6,4267600000000.001,508600.0,1017.01001,800100000,4.6,100.9,2.3,2.155,0.07,0.40000000000000013,2.0,0,0.0,0.0017094017094017094
5884,1998-10-31,28.05,82.4996,163.9,5.07,5.35,86.5967,308000,67.2,1086.0,4307.7,4307700000000.0,512600.0,1098.670044,785000000,4.5,97.4,2.5,2.14,0.31,0.0,0.0,0,0.0,0.01105169340463458
5912,1998-11-30,26.01,82.0316,164.1,4.83,5.11,86.5114,310000,67.1,1094.9,4346.4,4346400000000.0,518300.0,1163.630005,687900000,4.4,102.7,2.3,2.14,0.17,-0.34615384615384615,-4.0,0,0.0,0.006535947712418301
5940,1998-12-31,24.42,81.9904,164.4,4.68,4.07,86.8608,336000,67.2,1095.0,4375.2,4375200000000.0,526400.0,1229.22998,719200000,4.4,100.5,2.5,2.14,0.17,0.7,1.0,0,0.0,0.006961506961506962
5967,1999-01-31,26.25,81.9774,164.7,4.63,4.79,87.2277,305000,67.2,1098.1,4402.6,4402600000000.0,527900.0,1279.640015,917000000,4.3,103.9,2.7,2.129,0.18,0.0,0.0,0,0.0,0.006857142857142857
5994,1999-02-28,27.88,82.0973,164.7,4.76,4.84,87.7266,301000,67.2,1096.7,4425.3,4425300000000.0,526400.0,1238.329956,784600000,4.4,108.1,2.5,2.129,0.63,0.0,0.0,0,0.0,0.02259684361549498
6025,1999-03-31,23.26,81.9427,164.8,4.81,4.98,87.9203,298000,67.0,1096.6,4432.1,4432100000000.0,531000.0,1286.369995,924300000,4.2,105.7,2.7,2.129,0.76,0.041095890410958846,1.0,0,0.0,0.03267411865864144
6052,1999-04-30,25.07,81.8019,165.9,4.74,5.03,88.1153,291000,67.1,1101.6,4460.7,4460700000000.0,535200.0,1335.180054,936500000,4.3,104.6,2.7,2.124,0.81,0.14084507042253525,1.0,0,0.0,0.03230953330674113
6112,1999-06-30,21.09,81.6291,166.0,4.76,5.12,88.5958,291000,67.1,1099.8,4507.2,4507200000000.0,544000.0,1372.709961,1117000000,4.3,107.3,2.5,2.124,1.03,-0.05504587155963303,-1.0,0,0.0,0.04883831199620674
6142,1999-07-31,24.64,81.8177,166.7,4.99,5.07,89.1235,300000,67.1,1099.1,4534.5,4534500000000.0,548800.0,1328.719971,736800000,4.3,106.0,2.7,2.128,1.17,0.0,0.0,0,0.0,0.04748376623376623
6173,1999-08-31,24.45,81.8764,167.1,5.07,5.57,89.5116,290000,67.0,1099.2,4551.7,4551700000000.0,551400.0,1320.410034,861700000,4.2,104.5,2.8,2.128,1.0,0.06382978723404253,6.0,0,0.0,0.0408997955010225
6202,1999-09-30,25.41,81.2413,167.8,5.22,5.51,89.1361,306000,67.0,1096.5,4567.7,4567700000000.0,556800.0,1282.709961,1017600000,4.2,107.2,2.7,2.128,1.02,-0.10526315789473673,-1.0,0,0.0,0.04014167650531287
6232,1999-10-31,22.2,81.9959,168.1,5.2,5.27,90.2842,285000,67.0,1103.3,4591.5,4591500000000.0,564700.0,1362.930054,1120500000,4.1,103.2,2.9,2.146,0.9,0.0,0.0,0,0.0,0.04054054054054054
6260,1999-11-30,24.18,82.1417,168.4,5.42,5.63,90.7631,288000,67.1,1110.7,4610.5,4610500000000.0,582800.0,1388.910034,951500000,4.1,107.2,2.9,2.146,0.88,0.03529411764705892,5.0,0,0.0,0.036393713813068655
6288,1999-12-31,24.64,82.5152,168.8,5.3,3.99,91.4926,268000,67.1,1122.2,4638.0,4638000000000.0,612500.0,1469.25,374050000,4.0,105.4,3.0,2.146,1.12,-0.04273504273504258,-2.0,0,0.0,0.045454545454545456
6318,2000-01-31,24.95,82.1714,169.3,5.45,5.87,91.4251,285000,67.3,1122.1,4666.2,4666200000000.0,601900.0,1394.459961,993800000,4.0,112.0,3.0,2.135,0.92,-0.08910891089108908,-10.0,0,0.0,0.036873747494989985
6346,2000-02-29,23.37,82.1694,170.0,5.73,5.85,91.7357,280000,67.3,1108.6,4679.4,4679400000000.0,578000.0,1366.420044,1204300000,4.1,111.3,2.9,2.135,0.64,0.12280701754385981,5.0,0,0.0,0.02738553701326487
6377,2000-03-31,24.11,82.2095,171.0,5.85,6.17,92.0933,272000,67.3,1107.5,4710.2,4710200000000.0,577100.0,1498.579956,1227400000,4.0,107.1,3.2,2.135,0.15,-0.16666666666666663,-4.0,0,0.0,0.006221484861053505
6404,2000-04-30,26.2,82.4575,170.9,6.02,6.06,92.6838,291000,67.3,1115.6,4766.1,4766100000000.0,578600.0,1452.430054,984600000,3.8,109.2,3.2,2.151,0.41,0.0,0.0,0,0.0,0.015648854961832062
6434,2000-05-31,23.65,82.4056,171.2,6.27,6.83,92.9376,280000,67.1,1104.9,4753.9,4753900000000.0,580600.0,1420.599976,960500000,4.0,110.7,3.0,2.151,0.66,0.2941176470588236,4.0,0,0.0,0.02790697674418605
6464,2000-06-30,19.54,82.192,172.2,6.53,6.86,93.0076,296000,67.1,1102.6,4771.8,4771800000000.0,582000.0,1454.599976,1459700000,4.0,106.4,2.9,2.151,0.15,-0.21052631578947367,-2.0,0,0.0,0.007676560900716479
6493,2000-07-31,20.74,81.7778,172.7,6.54,6.64,92.8458,298000,66.9,1103.5,4789.4,4789400000000.0,584200.0,1430.829956,952600000,4.0,108.3,3.0,2.141,-0.23,0.4375,3.0,0,0.0,-0.011089681774349085
6524,2000-08-31,16.84,81.2898,172.7,6.5,6.65,92.5972,312000,66.9,1100.2,4817.5,4817500000000.0,583400.0,1517.680054,1056600000,4.1,107.3,2.7,2.141,-0.58,0.13725490196078427,2.0,0,0.0,-0.0344418052256532
6553,2000-09-30,20.57,81.3435,173.6,6.52,6.6,92.9653,292000,66.9,1099.7,4853.2,4853200000000.0,583800.0,1436.51001,1197100000,3.9,106.8,2.9,2.141,-0.43,0.0,0.0,0,0.0,-0.020904229460379193
6583,2000-10-31,23.63,80.7922,173.9,6.51,6.59,92.6418,301000,66.8,1098.7,4869.2,4869200000000.0,585300.0,1429.400024,1366400000,3.9,105.8,3.2,2.133,-0.61,-0.06153846153846154,-1.0,0,0.0,-0.02581464240372408
6612,2000-11-30,29.65,80.541,174.2,6.51,6.62,92.6618,356000,66.9,1092.4,4880.3,4880300000000.0,590300.0,1314.949951,1186530000,3.9,107.6,2.9,2.133,-0.73,0.05797101449275366,3.0,0,0.0,-0.024620573355817875
6642,2000-12-31,26.85,80.0006,174.6,6.4,5.41,92.3459,353000,67.0,1088.6,4925.0,4925000000000.0,598300.0,1320.280029,1035500000,3.9,98.4,2.8,2.133,-0.77,0.0,0.0,0,0.0,-0.028677839851024206
6671,2001-01-31,22.02,79.3437,175.6,5.98,5.74,91.8903,362000,67.2,1096.7,4975.7,4975700000000.0,598700.0,1366.01001,1295300000,4.2,94.7,3.0,2.085,0.2,-0.09090909090909083,-1.0,0,1.0,0.009082652134423252
6698,2001-02-28,28.35,78.571,176.0,5.49,5.59,91.2915,386000,67.1,1101.2,5014.1,5014100000000.0,595900.0,1239.939941,1225300000,4.2,90.6,2.8,2.085,0.07,-0.5,-2.0,0,1.0,0.0024691358024691358
6729,2001-03-31,28.64,78.1158,176.1,5.31,5.29,91.0526,388000,67.2,1108.9,5072.0,5072000000000.0,599100.0,1160.329956,1280800000,4.3,91.5,2.8,2.085,0.63,0.0,0.0,0,1.0,0.021997206703910616
6756,2001-04-30,25.48,77.5972,176.4,4.8,4.67,90.7293,406000,66.9,1116.7,5135.9,5135900000000.0,601700.0,1249.459961,1266800000,4.4,88.4,3.1,2.059,1.4,-0.06040268456375841,-3.0,1,1.0,0.05494505494505494
6786,2001-05-31,22.64,76.9635,177.3,4.21,4.24,90.2577,405000,66.7,1118.5,5133.0,5133000000000.0,605900.0,1255.819946,1226600000,4.3,92.0,3.2,2.059,1.8,-0.032258064516129115,-1.0,1,1.0,0.07950530035335689
6816,2001-06-30,19.06,76.3285,177.7,3.97,3.95,89.7677,394000,66.7,1126.2,5173.5,5173500000000.0,609100.0,1224.380005,1832360000,4.5,92.6,3.0,2.059,1.77,0.0,0.0,1,1.0,0.09286463798530956
6846,2001-07-31,21.62,75.666,177.4,3.77,3.82,89.226,388000,66.8,1138.9,5203.4,5203400000000.0,616000.0,1211.22998,1129200000,4.6,92.4,2.6,2.014,1.53,-0.006493506493506551,-6.0,1,1.0,0.07076780758556891
6877,2001-08-31,24.92,75.3958,177.4,3.65,3.66,89.1326,395000,66.5,1150.2,5237.2,5237200000000.0,622400.0,1133.579956,920100000,4.9,91.5,2.7,2.014,1.48,0.034965034965035,2.0,1,1.0,0.05939004815409309
6900,2001-09-30,31.93,74.8236,178.1,3.07,2.75,88.6679,517000,66.8,1205.7,5348.4,5348400000000.0,647200.0,1040.939941,1631500000,5.0,81.8,2.8,2.014,2.2,0.0,0.0,1,1.0,0.0689007203257125
6930,2001-10-31,33.56,74.4246,177.6,2.49,2.66,88.3926,483000,66.7,1165.7,5337.1,5337100000000.0,635200.0,1059.780029,1352500000,5.3,82.7,1.0,1.98,2.25,-0.05857740585774063,-2.0,1,1.0,0.0670441001191895
6958,2001-11-30,23.84,73.8377,177.5,2.09,2.06,87.8774,491000,66.7,1171.0,5380.8,5380800000000.0,639500.0,1139.449951,1343600000,5.5,83.9,0.4,1.98,3.0,0.0033444816053511683,1.0,1,1.0,0.12583892617449666
6988,2001-12-31,23.8,73.6627,177.4,1.82,1.52,87.8344,421000,66.7,1183.2,5433.8,5433800000000.0,650800.0,1148.079956,943600000,5.7,88.8,1.8,1.98,3.33,-0.029154518950437303,-3.0,0,0.0,0.13991596638655462
7017,2002-01-31,21.09,74.0676,177.7,1.73,1.85,88.4665,414000,66.5,1190.7,5454.1,5454100000000.0,653800.0,1130.199951,1557000000,5.7,93.0,1.9,1.969,3.31,0.012232415902140747,1.0,0,0.0,0.15694642010431484
7044,2002-02-28,21.59,73.9589,178.0,1.74,1.83,88.4661,398000,66.8,1190.6,5483.4,5483400000000.0,654600.0,1106.72998,1392200000,5.7,90.7,2.1,1.969,3.09,0.006514657980456029,1.0,0,0.0,0.143121815655396
7102,2002-04-30,21.91,74.7011,179.3,1.75,1.82,89.5532,414000,66.7,1186.9,5495.4,5495400000000.0,663400.0,1076.920044,1628600000,5.9,93.0,2.8,1.972,3.34,-0.0029850746268657025,-1.0,0,0.0,0.15244180739388408
7132,2002-05-31,19.98,74.9611,179.5,1.75,1.79,89.934,403000,66.7,1189.3,5521.5,5521500000000.0,668600.0,1067.140015,1277300000,5.8,96.9,2.7,1.972,3.34,0.009063444108761365,1.0,0,0.0,0.16716716716716715
7162,2002-06-30,25.4,75.5385,179.6,1.75,1.73,90.6769,386000,66.6,1193.3,5546.5,5546500000000.0,674000.0,989.820007,2117000000,5.8,92.4,2.7,1.972,3.16,0.0,0.0,0,0.0,0.12440944881889765
7192,2002-07-31,32.03,75.4869,180.0,1.73,1.76,90.6455,390000,66.5,1199.1,5589.1,5589100000000.0,679300.0,911.619995,2049360000,5.8,88.1,2.6,1.953,2.8,-0.04436860068259396,-1.0,0,0.0,0.08741804558226661
7223,2002-08-31,32.64,75.3938,180.5,1.74,1.81,90.5475,394000,66.6,1187.1,5631.6,5631600000000.0,679800.0,916.070007,929900000,5.7,87.6,2.6,1.953,2.45,0.0,0.0,0,0.0,0.07506127450980393
7252,2002-09-30,39.69,75.4687,180.8,1.75,1.85,90.6381,409000,66.7,1196.1,5656.0,5656000000000.0,680400.0,815.280029,1721870000,5.7,86.1,2.5,1.953,2.06,0.0,0.0,0,0.0,0.051902242378432856
7282,2002-10-31,31.14,75.2824,181.2,1.75,1.82,90.4041,409000,66.6,1204.0,5700.4,5700400000000.0,681900.0,885.76001,1641300000,5.7,80.6,2.5,1.927,2.49,0.0040322580645162365,2.0,0,0.0,0.07996146435452794
7310,2002-11-30,27.5,75.7125,181.5,1.34,1.23,90.8985,377000,66.4,1209.6,5750.6,5750600000000.0,688500.0,936.309998,643460000,5.9,84.2,2.4,1.927,3.0,0.0,0.0,0,0.0,0.10909090909090909
7340,2002-12-31,28.62,75.3132,181.8,1.24,1.16,90.389,409000,66.3,1220.2,5772.0,5772000000000.0,699200.0,879.820007,1088500000,6.0,86.7,2.5,1.927,2.61,0.0038461538461538325,1.0,0,0.0,0.09119496855345911
7369,2003-01-31,31.17,75.9649,182.6,1.24,1.33,91.1355,407000,66.4,1227.3,5804.6,5804600000000.0,699300.0,855.700012,1578530000,5.8,82.4,2.5,1.915,2.82,0.0,0.0,0,0.0,0.09047160731472569
7396,2003-02-28,29.63,76.0853,183.6,1.26,1.33,91.2502,421000,66.4,1238.2,5840.7,5840700000000.0,701000.0,841.150024,1373300000,5.9,79.9,2.7,1.915,2.51,-0.015686274509803977,-7.0,0,0.0,0.08471144110698615
7427,2003-03-31,29.15,75.9063,183.9,1.25,1.38,91.0059,436000,66.3,1239.3,5861.4,5861400000000.0,705300.0,848.179993,1495500000,5.9,77.6,3.1,1.915,2.69,-0.03237410071942437,-4.0,0,0.0,0.09228130360205831
7454,2003-04-30,21.21,75.4518,183.2,1.26,1.31,90.4281,444000,66.4,1250.0,5898.8,5898800000000.0,709600.0,916.919983,1788510000,6.0,86.0,2.4,1.901,2.76,-0.017793594306049876,-1.0,0,0.0,0.13012729844413012
7484,2003-05-31,19.47,75.4618,182.9,1.26,1.28,90.4073,431000,66.4,1268.8,5959.3,5959300000000.0,713700.0,963.590027,1688800000,6.1,92.1,2.0,1.901,2.26,0.0,0.0,0,0.0,0.11607601438109913
7514,2003-06-30,19.52,75.5816,183.1,1.22,1.45,90.5218,429000,66.5,1281.0,5996.0,5996000000000.0,715000.0,974.5,1587200000,6.3,89.7,2.1,1.901,2.64,-0.02583025830258301,-3.0,0,0.0,0.13524590163934427
7542,2003-07-31,19.49,75.9888,183.7,1.01,1.04,90.9896,398000,66.2,1287.5,6042.7,6042700000000.0,717600.0,990.309998,1608000000,6.2,90.9,1.7,1.905,3.53,0.05059523809523814,1.0,0,0.0,0.18111852231913803
7573,2003-08-31,18.63,75.8306,184.5,1.03,1.01,90.7858,407000,66.1,1296.4,6100.8,6100800000000.0,720900.0,1008.01001,945100000,6.1,89.3,2.5,1.905,3.47,0.0,0.0,0,0.0,0.18625872249060657
7602,2003-09-30,22.72,76.3383,185.1,1.01,1.17,91.3829,387000,66.1,1297.2,6072.8,6072800000000.0,721100.0,995.969971,1590500000,6.1,87.7,2.8,1.905,3.01,-0.03833865814696491,-1.0,0,0.0,0.1324823943661972
7632,2003-10-31,16.1,76.4457,184.9,1.01,1.03,91.5005,379000,66.1,1297.8,6063.6,6063600000000.0,724800.0,1050.709961,1498900000,6.0,89.6,2.6,1.94,3.37,-0.008823529411764675,-1.0,0,0.0,0.2093167701863354
7660,2003-11-30,16.32,76.9771,185.0,1.0,1.01,92.1265,357000,66.1,1299.1,6069.1,6069100000000.0,730600.0,1058.199951,487220000,5.8,93.7,2.7,1.94,3.41,0.0,0.0,0,0.0,0.20894607843137256
7690,2003-12-31,18.31,77.0234,185.5,0.98,0.94,92.1722,349000,65.9,1306.2,6067.3,6067300000000.0,739400.0,1111.920044,1027500000,5.7,92.6,2.6,1.94,3.32,-0.008955223880597107,-1.0,0,0.0,0.1813216821409066
7719,2004-01-31,16.63,77.1612,186.3,1.0,1.03,92.327,376000,66.1,1306.0,6075.5,6075500000000.0,736400.0,1131.130005,1635000000,5.7,103.8,2.7,1.95,3.24,0.0,0.0,0,0.0,0.19482862297053521
7747,2004-02-29,14.55,77.6396,186.7,1.01,1.04,92.8873,348000,66.0,1321.4,6114.3,6114300000000.0,735300.0,1144.939941,1540400000,5.6,94.4,2.6,1.95,3.03,0.0,0.0,0,0.0,0.20824742268041235
7778,2004-03-31,16.74,77.3544,187.1,1.0,1.05,92.5325,340000,66.0,1328.7,6150.1,6150100000000.0,736800.0,1126.209961,1560700000,5.8,95.8,2.9,1.95,2.91,-0.013559322033898313,-2.0,0,0.0,0.1738351254480287
7805,2004-04-30,17.19,77.6821,187.4,1.0,1.03,92.9096,339000,65.9,1332.8,6191.2,6191200000000.0,741200.0,1107.300049,1634700000,5.6,94.2,3.2,1.94,3.55,-0.008379888268156499,-1.0,0,0.0,0.20651541593949968
7862,2004-06-30,14.34,77.662,188.9,1.03,1.38,92.8621,348000,66.1,1342.7,6270.5,6270500000000.0,750700.0,1140.839966,1473800000,5.6,95.6,3.3,1.94,3.29,-0.009036144578313143,-2.0,0,0.0,0.2294281729428173
7892,2004-07-31,15.32,78.2429,189.1,1.26,1.29,93.5511,341000,66.1,1340.8,6284.3,6284300000000.0,757300.0,1101.719971,1298200000,5.5,96.7,3.0,1.949,3.05,0.0,0.0,0,0.0,0.19908616187989556
7923,2004-08-31,15.29,78.3106,189.2,1.43,1.55,93.6328,352000,66.0,1354.3,6310.6,6310600000000.0,757200.0,1104.23999,1138200000,5.4,95.9,2.8,1.949,2.54,-0.015503875968992276,-11.0,0,0.0,0.16612164813603664
7952,2004-09-30,13.34,78.3927,189.8,1.61,1.94,93.7418,351000,65.8,1362.5,6345.3,6345300000000.0,762200.0,1114.579956,1748000000,5.4,94.2,2.8,1.949,2.43,0.021008403361344685,3.0,0,0.0,0.18215892053973015
7982,2004-10-31,16.27,79.0638,190.8,1.76,1.79,94.5671,332000,65.9,1362.3,6373.3,6373300000000.0,763900.0,1130.199951,1500800000,5.5,91.7,3.1,1.958,2.14,0.0,0.0,0,0.0,0.1315304240934235
8010,2004-11-30,13.24,79.2285,191.7,1.93,2.02,94.8,335000,66.0,1374.2,6399.8,6399800000000.0,770500.0,1173.819946,1553500000,5.4,92.8,2.8,1.958,2.13,0.009478672985782088,7.0,0,0.0,0.1608761329305136
8038,2004-12-31,13.29,79.8082,191.7,2.16,1.97,95.5426,320000,65.9,1376.0,6418.3,6418300000000.0,776300.0,1211.920044,786900000,5.4,97.1,3.0,1.958,2.02,-0.014634146341463317,-2.0,0,0.0,0.15199398043641837
8068,2005-01-31,12.82,80.0413,191.6,2.28,2.5,95.8831,331000,65.8,1367.1,6424.5,6424500000000.0,775200.0,1181.27002,1679800000,5.3,95.5,2.9,1.985,1.63,-0.04117647058823537,-6.0,0,0.0,0.12714508580343212
8095,2005-02-28,12.08,80.5413,192.4,2.5,2.52,96.5616,314000,65.9,1371.1,6432.8,6432800000000.0,772900.0,1203.599976,1795480000,5.4,94.1,2.9,1.985,1.6,0.045751633986928164,3.0,0,0.0,0.13245033112582782
8123,2005-03-31,14.02,80.3601,193.1,2.63,2.96,96.4371,342000,65.9,1370.9,6441.9,6441900000000.0,773500.0,1180.589966,2214230000,5.2,92.6,3.2,1.985,1.71,-0.011560693641618491,-3.0,0,0.0,0.12196861626248216
8153,2005-04-30,15.31,80.4339,193.7,2.79,2.97,96.628,334000,66.1,1358.4,6455.9,6455900000000.0,775500.0,1156.849976,2362360000,5.2,87.7,3.3,1.995,1.31,0.0,0.0,0,0.0,0.08556499020248204
8183,2005-05-31,13.29,80.425,193.6,3.0,3.09,96.7306,340000,66.1,1366.0,6473.3,6473300000000.0,776400.0,1191.5,1840680000,5.1,86.9,3.2,1.995,1.01,-0.09009009009009017,-4.0,0,0.0,0.07599699021820919
8213,2005-06-30,12.04,80.6702,193.7,3.04,3.35,97.1488,311000,66.1,1380.1,6505.8,6505800000000.0,780700.0,1191.329956,2109490000,5.0,96.0,3.2,1.995,0.81,-0.05813953488372081,-1.0,0,0.0,0.06727574750830566
8243,2005-07-31,11.57,80.305,194.9,3.26,3.31,96.8383,316000,66.1,1369.0,6537.4,6537400000000.0,782900.0,1234.180054,1789600000,5.0,96.5,3.0,2.0,0.86,0.0,0.0,0,0.0,0.07433016421780467
8274,2005-08-31,12.6,80.4617,196.1,3.5,3.63,97.1603,318000,66.2,1377.8,6570.2,6570200000000.0,782700.0,1220.329956,2365510000,4.9,89.1,3.1,2.0,0.5,-0.19354838709677413,-2.0,0,0.0,0.03968253968253968
8303,2005-09-30,11.92,78.7883,198.8,3.62,3.93,95.2729,359000,66.1,1378.6,6604.3,6604300000000.0,787900.0,1228.810059,2097520000,5.0,76.9,4.3,2.0,0.79,0.053333333333333455,1.0,0,0.0,0.0662751677852349
8333,2005-10-31,15.32,79.6396,199.1,3.78,4.02,96.4383,322000,66.1,1376.5,6638.6,6638600000000.0,787200.0,1207.01001,2567470000,5.0,74.2,4.6,2.001,0.59,-0.09230769230769242,-5.0,0,0.0,0.038511749347258484
8359,2005-11-30,12.06,80.398,198.1,4.0,4.03,97.4951,311000,66.0,1376.1,6655.0,6655000000000.0,793500.0,1249.47998,2374690000,5.0,81.6,3.3,2.001,0.54,0.08000000000000007,2.0,0,0.0,0.04477611940298508
8389,2005-12-31,12.07,80.6819,198.1,4.16,4.09,97.9788,302000,66.0,1374.3,6681.9,6681900000000.0,803100.0,1248.290039,1443500000,4.9,91.5,3.1,2.001,0.31,0.0,0.0,0,0.0,0.02568351284175642
8418,2006-01-31,12.95,80.6908,199.3,4.29,4.47,98.1305,282000,66.0,1379.5,6724.3,6724300000000.0,804200.0,1280.079956,2708310000,4.7,91.2,3.0,2.016,0.06,0.0,0.0,0,0.0,0.004633204633204633
8443,2006-02-28,12.34,80.6125,199.4,4.49,4.52,98.1779,293000,66.1,1378.4,6748.6,6748600000000.0,804900.0,1280.660034,2370860000,4.8,86.7,3.0,2.016,-0.07,1.3333333333333335,4.0,0,0.0,-0.00567260940032415
8474,2006-03-31,11.39,80.6663,199.7,4.59,5.0,98.3898,295000,66.2,1383.2,6762.9,6762900000000.0,810100.0,1294.869995,2236710000,4.7,88.9,3.0,2.016,0.23,-0.07999999999999996,-1.0,0,0.0,0.02019315188762072
8501,2006-04-30,11.59,80.7769,200.7,4.79,4.86,98.6769,321000,66.1,1381.4,6800.1,6800100000000.0,809200.0,1310.609985,2419920000,4.7,87.4,3.3,2.017,0.3,0.0,0.0,0,0.0,0.025884383088869714
8531,2006-05-31,16.44,80.6674,201.3,4.94,5.05,98.7052,330000,66.1,1387.2,6806.9,6806900000000.0,812600.0,1270.089966,2692160000,4.6,79.1,4.0,2.017,0.26,0.040000000000000036,4.0,0,0.0,0.01581508515815085
8561,2006-06-30,13.08,80.8002,201.8,4.99,5.05,99.0427,309000,66.2,1375.4,6844.9,6844900000000.0,812400.0,1270.199951,3049560000,4.6,84.9,3.3,2.017,0.14,-0.33333333333333326,-2.0,0,0.0,0.01070336391437309
8591,2006-07-31,14.95,80.5962,202.9,5.24,5.31,98.9804,311000,66.1,1372.4,6886.3,6886300000000.0,811500.0,1276.660034,2461300000,4.7,84.7,3.2,2.006,-0.11,0.5714285714285714,4.0,0,0.0,-0.007357859531772575
8622,2006-08-31,12.31,80.781,203.8,5.25,5.31,99.4106,314000,66.2,1372.4,6917.1,6917100000000.0,809700.0,1303.819946,1974540000,4.7,82.0,3.8,2.006,-0.31,0.06896551724137945,2.0,0,0.0,-0.025182778229082044
8651,2006-09-30,11.98,80.4523,202.8,5.25,5.34,99.2207,309000,66.1,1364.4,6944.2,6944200000000.0,810400.0,1335.849976,2273430000,4.5,85.4,3.1,2.006,-0.25,0.0,0.0,0,0.0,-0.020868113522537562
8681,2006-10-31,11.1,80.1929,201.9,5.25,5.31,99.1253,328000,66.2,1370.3,6993.3,6993300000000.0,809800.0,1377.939941,2803030000,4.4,93.6,3.1,1.997,-0.47,0.11904761904761907,1.0,0,0.0,-0.04234234234234234
8710,2006-11-30,10.91,79.9831,202.0,5.25,5.31,99.0969,349000,66.3,1370.8,7028.4,7028400000000.0,816800.0,1400.630005,4006230000,4.5,92.1,3.0,1.997,-0.57,0.09615384615384603,1.0,0,0.0,-0.05224564619615032
8740,2006-12-31,11.56,80.6125,203.1,5.24,5.17,100.1122,341000,66.4,1366.6,7071.6,7071600000000.0,826700.0,1418.300049,1678200000,4.4,91.7,2.9,1.997,-0.31,0.0,0.0,0,0.0,-0.02681660899653979
8768,2007-01-31,10.42,80.1385,203.437,5.25,5.33,99.7571,308000,66.4,1371.7,7109.6,7109600000000.0,823000.0,1438.23999,2976690000,4.6,96.9,3.0,1.993,-0.29,0.15999999999999992,2.0,0,0.0,-0.02783109404990403
8795,2007-02-28,15.42,80.7326,204.226,5.26,5.41,100.7275,322000,66.3,1363.0,7125.3,7125300000000.0,820000.0,1406.819946,3925250000,4.5,91.3,3.0,1.993,-0.6,-0.0625,-1.0,0,0.0,-0.038910505836575876
8826,2007-03-31,14.64,80.6935,205.288,5.26,5.3,100.9023,307000,66.2,1366.5,7159.1,7159100000000.0,820900.0,1420.859985,2903960000,4.4,88.4,3.0,1.993,-0.39,0.0,0.0,0,0.0,-0.02663934426229508
8853,2007-04-30,14.22,81.073,205.904,5.25,5.29,101.5874,301000,65.9,1378.0,7231.3,7231300000000.0,823000.0,1482.369995,3093420000,4.5,87.1,3.3,1.986,-0.28,0.16666666666666674,3.0,0,0.0,-0.01969057665260197
8883,2007-05-31,13.05,80.955,206.755,5.25,5.28,101.6299,310000,66.0,1380.9,7245.4,7245400000000.0,825700.0,1530.619995,3335530000,4.4,88.3,3.3,1.986,0.17,4.666666666666667,1.0,0,0.0,0.013026819923371648
8913,2007-06-30,16.23,80.8393,207.234,5.25,5.31,101.6482,317000,66.0,1368.2,7278.6,7278600000000.0,827200.0,1503.349976,3165410000,4.6,85.3,3.4,1.986,0.21,0.0,0.0,0,0.0,0.012939001848428834
8943,2007-07-31,23.52,80.6142,207.603,5.26,5.28,101.4925,305000,66.0,1371.8,7309.0,7309000000000.0,828900.0,1455.27002,4524520000,4.7,90.4,3.4,1.977,-0.18,0.2857142857142856,4.0,0,0.0,-0.007653061224489796
8974,2007-08-31,23.38,80.6999,207.667,5.02,4.96,101.6874,329000,65.8,1376.3,7385.1,7385100000000.0,829600.0,1473.98999,2731610000,4.6,83.4,3.2,1.977,0.53,-0.20895522388059706,-1.0,0,0.0,0.022668947818648418
9003,2007-09-30,18.0,80.8586,208.547,4.94,4.58,101.9398,317000,66.0,1375.7,7403.2,7403200000000.0,827400.0,1526.75,2925350000,4.7,83.4,3.1,1.977,0.77,0.0,0.0,0,0.0,0.042777777777777776
9033,2007-10-31,18.53,80.6013,209.19,4.76,4.6,101.6345,328000,65.8,1379.4,7417.2,7417200000000.0,829000.0,1549.380005,3953070000,4.7,80.9,3.1,1.977,0.54,0.2272727272727273,2.0,0,1.0,0.02914193200215866
9061,2007-11-30,22.87,81.0633,210.834,4.49,4.66,102.2068,352000,66.0,1371.8,7441.8,7441800000000.0,834300.0,1481.140015,4422200000,4.7,76.1,3.4,1.977,0.82,-0.13684210526315788,-2.0,0,1.0,0.035854831657192825
9091,2007-12-31,22.5,81.1334,211.445,4.24,3.06,102.2604,360000,66.0,1373.4,7471.6,7471600000000.0,837200.0,1468.359985,2440880000,5.0,75.5,3.4,1.977,0.68,-0.26881720430107525,-4.0,0,1.0,0.030222222222222223
9120,2008-01-31,26.2,81.0815,212.174,3.94,3.22,102.14,366000,66.2,1377.7,7505.5,7505500000000.0,830600.0,1378.550049,4970290000,5.0,78.4,3.4,1.939,1.71,0.08917197452229297,3.0,1,1.0,0.06526717557251908
9148,2008-02-29,26.54,80.8357,212.687,2.98,3.01,101.7671,354000,66.0,1380.4,7590.6,7590600000000.0,829500.0,1330.630005,4426730000,4.9,70.8,3.6,1.939,1.68,-0.07182320441988954,-2.0,1,1.0,0.06330067822155237
9176,2008-03-31,25.61,80.6256,213.448,2.61,2.51,101.4355,387000,66.1,1388.7,7656.2,7656200000000.0,833000.0,1322.699951,4188990000,5.1,69.5,4.3,1.939,2.07,-0.032710280373831946,-4.0,1,1.0,0.08082780163998438
9206,2008-04-30,20.79,80.1238,213.942,2.28,2.37,100.7424,370000,65.9,1391.4,7699.2,7699200000000.0,830200.0,1385.589966,4508890000,5.0,62.6,4.8,1.927,2.34,-0.02092050209205032,-6.0,1,1.0,0.11255411255411255
9236,2008-05-31,17.83,79.6718,215.208,1.98,1.98,100.132,362000,66.1,1393.4,7711.2,7711200000000.0,834700.0,1400.380005,3845630000,5.4,59.8,5.2,1.927,2.17,0.0,0.0,1,1.0,0.12170499158721257
9266,2008-06-30,23.95,79.4693,217.463,2.0,2.47,99.8651,392000,66.1,1404.6,7728.9,7728900000000.0,840200.0,1280.0,5032330000,5.6,56.4,5.1,1.927,2.09,-0.09523809523809534,-4.0,1,1.0,0.08726513569937369
9294,2008-07-31,22.94,79.095,219.016,2.01,2.09,99.4214,434000,66.1,1421.1,7775.4,7775400000000.0,847000.0,1267.380005,5346050000,5.8,61.2,5.1,1.908,2.31,-0.025316455696202556,-2.0,1,1.0,0.1006974716652136
9325,2008-08-31,20.65,77.7872,218.69,2.0,1.94,97.8448,442000,66.1,1407.4,7790.2,7790200000000.0,847600.0,1282.829956,3288120000,6.1,63.0,4.8,1.908,2.11,0.0,0.0,1,1.0,0.10217917675544794
9354,2008-09-30,39.39,74.3062,218.877,1.81,2.03,93.559,483000,66.0,1462.0,7859.5,7859500000000.0,909700.0,1166.359985,4937680000,6.1,70.3,4.3,1.908,2.93,0.09737827715355807,1.0,1,1.0,0.07438436151307438
9384,2008-10-31,59.89,74.9571,216.995,0.97,0.22,94.4956,480000,66.0,1473.8,7965.3,7965300000000.0,1136400.0,968.75,6394350000,6.5,57.6,3.9,1.813,3.55,-0.011142061281337101,-1.0,1,1.0,0.05927533811988645
9412,2008-11-30,55.84,73.8807,213.153,0.39,0.52,93.2689,529000,65.9,1514.6,8015.8,8015800000000.0,1442300.0,896.23999,2740860000,6.8,55.3,2.9,1.813,2.92,0.0,0.0,1,1.0,0.05229226361031518
9442,2008-12-31,40.0,71.6823,211.398,0.16,0.14,90.628,533000,65.8,1601.7,8192.1,8192100000000.0,1666400.0,903.25,4172940000,7.3,60.1,1.7,1.813,2.14,0.06467661691542315,1.0,1,1.0,0.053500000000000006
9471,2009-01-31,44.84,69.7982,211.933,0.15,0.23,88.3811,629000,65.7,1582.8,8273.7,8273700000000.001,1712000.0,825.880005,5350580000,7.8,61.2,2.2,1.735,2.63,0.0,0.0,1,1.0,0.05865298840321141
9498,2009-02-28,46.35,69.2778,212.705,0.22,0.22,87.8412,652000,65.8,1567.2,8303.1,8303100000000.0,1561700.0,735.090027,8926480000,8.3,56.3,1.9,1.735,2.76,0.0,0.0,1,1.0,0.059546925566343036
9529,2009-03-31,44.14,68.12,212.495,0.18,0.16,86.4794,665000,65.6,1578.9,8369.3,8369299999999.999,1647300.0,797.869995,6089100000,8.7,57.3,2.0,1.735,2.5,-0.019607843137254832,-4.0,1,1.0,0.05663797009515179
9556,2009-04-30,36.5,67.5007,212.709,0.15,0.2,85.7883,620000,65.7,1611.6,8372.9,8372900000000.0,1753200.0,872.809998,6862540000,9.0,65.1,2.8,1.709,3.02,0.0033222591362127574,3.0,1,1.0,0.08273972602739726
9586,2009-05-31,28.92,66.7873,213.022,0.18,0.19,84.9516,607000,65.7,1617.5,8430.7,8430700000000.001,1775100.0,919.140015,6050420000,9.4,68.7,2.8,1.709,3.33,0.0,0.0,1,1.0,0.11514522821576763
9616,2009-06-30,26.35,66.5532,214.79,0.21,0.22,84.6928,594000,65.7,1658.8,8440.5,8440500000000.0,1683700.0,919.320007,4627570000,9.5,70.8,3.1,1.709,3.34,0.009063444108761365,1.0,1,1.0,0.12675521821631877
9644,2009-07-31,25.92,67.3455,214.726,0.16,0.18,85.7044,587000,65.5,1662.5,8445.1,8445100000000.0,1673600.0,987.47998,5139070000,9.5,66.0,2.9,1.711,3.34,-0.04297994269340988,-4.0,0,0.0,0.12885802469135801
9675,2009-08-31,26.01,68.1236,215.445,0.16,0.15,86.6617,564000,65.4,1660.0,8445.0,8445000000000.0,1710800.0,1020.619995,5004560000,9.6,65.7,2.8,1.711,3.25,-0.01812688821752273,-4.0,0,0.0,0.1249519415609381
9704,2009-09-30,25.61,68.7596,215.861,0.15,0.07,87.4033,554000,65.1,1664.9,8444.2,8444200000000.001,1801200.0,1057.079956,5998860000,9.8,73.5,2.2,1.711,3.17,-0.003144654088050425,-12.0,0,0.0,0.12377977352596642
9734,2009-10-31,30.69,68.9939,216.509,0.12,0.11,87.6035,522000,65.0,1677.7,8471.1,8471100000000.0,1936300.0,1036.189941,6512420000,10.0,70.6,2.9,1.726,3.36,0.0,0.0,0,0.0,0.10948191593352882
9762,2009-11-30,24.51,69.3689,217.234,0.12,0.13,87.9559,475000,65.0,1683.0,8500.8,8500799999999.999,2024600.0,1095.630005,3895520000,9.9,67.4,2.7,1.726,3.15,-0.009433962264151052,-9.0,0,0.0,0.1285189718482252
9790,2009-12-31,21.68,69.7136,217.347,0.12,0.05,88.2468,468000,64.6,1692.8,8496.0,8496000000000.0,2026200.0,1115.099976,2076990000,9.9,72.5,2.5,1.726,3.79,0.010666666666666602,2.0,0,0.0,0.17481549815498154
9817,2010-01-31,24.62,70.5918,217.488,0.11,0.12,89.1911,496000,64.8,1674.7,8458.1,8458100000000.0,1995000.0,1073.869995,5412850000,9.8,74.4,2.8,1.739,3.55,0.0,0.0,0,0.0,0.14419171405361494
9844,2010-02-28,19.5,70.9754,217.281,0.13,0.13,89.4972,488000,64.9,1699.8,8507.4,8507400000000.0,2115200.0,1104.48999,3945190000,9.8,73.6,2.7,1.739,3.48,0.0,0.0,0,0.0,0.17846153846153845
9875,2010-03-31,17.59,71.6373,217.353,0.16,0.09,90.1419,459000,64.9,1711.9,8504.5,8504500000000.0,2079600.0,1169.430054,4484340000,9.9,73.6,2.7,1.739,3.68,-0.010752688172043001,-2.0,0,0.0,0.2092097782831154
9902,2010-04-30,22.05,72.0473,217.403,0.2,0.2,90.4591,449000,65.2,1699.0,8535.2,8535200000000.001,2014400.0,1186.689941,6048260000,9.9,72.2,2.9,1.746,3.53,-0.01671309192200554,-2.0,0,0.0,0.1600907029478458
9962,2010-06-30,34.54,73.5082,217.199,0.18,0.09,91.8997,464000,64.6,1731.6,8609.0,8609000000000.0,2002400.0,1030.709961,5067080000,9.4,76.0,2.8,1.746,2.79,-0.010638297872340385,-6.0,0,0.0,0.08077591198610307
9992,2010-07-31,23.5,73.9324,217.605,0.18,0.18,92.2522,476000,64.6,1724.0,8618.8,8618799999999.999,1994300.0,1101.599976,4006450000,9.4,67.8,2.7,1.748,2.79,0.0,0.0,0,0.0,0.11872340425531915
10023,2010-08-31,26.05,74.331,217.923,0.19,0.21,92.5899,467000,64.7,1748.7,8669.1,8669100000000.0,1993700.0,1049.329956,4038770000,9.5,68.9,2.7,1.748,2.33,-0.029166666666666563,-4.0,0,0.0,0.08944337811900192
10052,2010-09-30,23.7,74.6547,218.275,0.19,0.15,92.8564,459000,64.6,1766.2,8700.1,8700100000000.0,1961200.0,1141.199951,4284160000,9.5,68.2,2.2,1.748,2.37,0.004237288135593209,2.0,0,0.0,0.1
10082,2010-10-31,21.2,74.5429,219.035,0.19,0.2,92.6037,453000,64.4,1780.4,8749.4,8749400000000.0,1961700.0,1183.26001,3537880000,9.4,67.7,2.7,1.745,2.51,0.0,0.0,0,0.0,0.11839622641509433
10110,2010-11-30,23.54,74.6746,219.59,0.19,0.2,92.6773,432000,64.6,1828.4,8770.0,8770000000000.0,1973100.0,1180.550049,4284700000,9.8,71.6,3.0,1.745,2.64,-0.007518796992481258,-5.0,0,0.0,0.11214953271028039
10138,2010-12-31,17.75,75.4597,220.472,0.18,0.13,93.5851,404000,64.3,1836.7,8801.8,8801800000000.0,2017000.0,1257.640015,1799770000,9.3,74.5,3.0,1.745,3.18,-0.024539877300613355,-1.0,0,0.0,0.1791549295774648
10168,2011-01-31,19.53,75.34,221.187,0.17,0.17,93.3944,420000,64.2,1846.3,8823.1,8823100000000.0,2047900.0,1286.119995,4167160000,9.1,74.2,3.4,1.728,3.27,0.01869158878504673,3.0,0,0.0,0.16743471582181257
10195,2011-02-28,18.35,75.0288,221.898,0.16,0.16,92.993,385000,64.1,1870.1,8886.9,8886900000000.0,2211600.0,1327.219971,1252850000,9.0,77.5,3.4,1.728,3.27,-0.006079027355623157,-5.0,0,0.0,0.1782016348773842
10226,2011-03-31,17.74,75.819,223.046,0.14,0.1,93.982,399000,64.2,1896.5,8943.5,8943500000000.0,2395300.0,1325.829956,3566270000,9.0,67.5,4.6,1.728,3.38,0.0029673590504450953,1.0,0,0.0,0.19052987598647125
10253,2011-04-30,14.75,75.5255,224.093,0.1,0.09,93.6525,468000,64.2,1897.0,9004.9,9004900000000.0,2496600.0,1363.609985,3479070000,9.1,69.8,4.6,1.714,3.28,0.0,0.0,0,0.0,0.2223728813559322
10283,2011-05-31,15.45,75.5784,224.806,0.09,0.1,93.7775,418000,64.1,1941.6,9075.5,9075500000000.0,2567200.0,1345.199951,4696240000,9.0,74.3,4.1,1.714,2.99,-0.009933774834437026,-5.0,0,0.0,0.19352750809061492
10313,2011-06-30,16.52,75.7276,224.806,0.09,0.07,94.0467,421000,64.0,1963.4,9151.0,9151000000000.0,2648500.0,1320.640015,4200500000,9.1,71.5,3.8,1.714,3.15,0.009615384615384581,6.0,0,0.0,0.1906779661016949
10343,2011-07-31,25.25,76.0009,225.395,0.07,0.11,94.4931,406000,64.0,1996.0,9316.6,9316600000000.0,2684800.0,1292.280029,5061190000,9.0,63.7,3.4,1.656,2.72,0.0,0.0,0,0.0,0.10772277227722774
10374,2011-08-31,31.62,76.3842,226.106,0.1,0.08,95.0969,409000,64.1,2115.4,9507.6,9507600000000.0,2657700.0,1218.890015,5267840000,9.0,55.8,3.5,1.656,2.21,0.013761467889908063,1.0,0,0.0,0.06989247311827956
10403,2011-09-30,42.96,76.2147,226.597,0.08,0.06,95.0281,406000,64.2,2120.0,9528.3,9528300000000.0,2637700.0,1131.420044,4416790000,9.0,59.5,3.3,1.656,1.9,-0.035532994923857864,-2.0,0,0.0,0.04422718808193668
10433,2011-10-31,29.96,76.6224,226.75,0.07,0.09,95.6924,399000,64.1,2128.5,9562.1,9562100000000.0,2637800.0,1253.300049,4310210000,8.8,60.8,3.2,1.648,2.16,-0.07296137339055786,-4.0,0,0.0,0.07209612817089453
10459,2011-11-30,27.8,76.4885,227.169,0.08,0.1,95.6913,397000,64.1,2182.0,9612.6,9612600000000.0,2605400.0,1246.959961,5801910000,8.6,63.7,3.2,1.648,2.07,0.045454545454545414,2.0,0,0.0,0.07446043165467625
10489,2011-12-31,23.4,76.7512,227.223,0.07,0.04,96.1938,376000,64.0,2165.7,9660.1,9660100000000.0,2619600.0,1257.599976,2271850000,8.5,69.9,3.1,1.648,1.87,0.0,0.0,0,0.0,0.07991452991452992
10518,2012-01-31,19.44,77.0743,227.842,0.08,0.11,96.779,372000,63.7,2201.8,9733.3,9733300000000.0,2640800.0,1312.410034,4235550000,8.3,75.0,3.3,1.642,1.77,-0.027472527472527486,-8.0,0,0.0,0.09104938271604937
10546,2012-02-29,18.43,77.1823,228.329,0.1,0.1,97.0959,365000,63.8,2207.1,9785.7,9785700000000.0,2694400.0,1365.680054,4482370000,8.3,75.3,3.3,1.642,1.9,0.032608695652173836,2.0,0,0.0,0.10309278350515463
10577,2012-03-31,15.5,76.6382,228.807,0.13,0.09,96.5919,358000,63.8,2227.8,9830.6,9830600000000.0,2655200.0,1408.469971,3676890000,8.2,76.2,3.9,1.642,2.16,0.0,0.0,0,0.0,0.13935483870967744
10604,2012-04-30,17.15,77.0523,229.187,0.14,0.16,97.2942,372000,63.7,2237.3,9884.6,9884600000000.0,2639800.0,1397.910034,3574010000,8.2,76.4,3.2,1.631,1.85,-0.010695187165775444,-5.0,0,0.0,0.1078717201166181
10634,2012-05-31,24.06,77.0632,228.713,0.16,0.16,97.4853,381000,63.7,2256.2,9928.4,9928400000000.0,2616500.0,1310.329956,4557620000,8.2,79.3,3.0,1.631,1.52,-0.02564102564102566,-6.0,0,0.0,0.06317539484621779
10664,2012-06-30,17.08,76.9351,228.524,0.16,0.09,97.4959,372000,63.8,2275.3,9999.3,9999300000000.0,2618800.0,1362.160034,4590480000,8.2,73.2,3.1,1.631,1.58,0.0,0.0,0,0.0,0.09250585480093679
10694,2012-07-31,18.93,76.9584,228.59,0.16,0.13,97.6922,372000,63.7,2315.0,10051.8,10051800000000.0,2647800.0,1379.319946,3821570000,8.2,72.3,3.0,1.612,1.4,-0.014084507042253502,-4.0,0,0.0,0.07395668251452721
10725,2012-08-31,17.47,76.5269,229.918,0.13,0.13,97.3061,377000,63.5,2354.1,10121.3,10121300000000.0,2650700.0,1406.579956,2938250000,8.1,74.3,3.6,1.612,1.48,-0.0326797385620915,-7.0,0,0.0,0.08471665712650259
10754,2012-09-30,15.73,76.3502,231.015,0.14,0.09,97.2383,376000,63.6,2386.6,10200.8,10200800000000.0,2594900.0,1440.670044,3509230000,7.8,78.3,3.3,1.612,1.55,0.0,0.0,0,0.0,0.09853782581055308
10782,2012-10-31,18.6,76.4688,231.638,0.16,0.18,97.5425,364000,63.8,2420.1,10267.3,10267300000000.0,2611800.0,1412.160034,3577110000,7.8,82.6,3.1,1.586,1.61,0.006250000000000089,1.0,0,0.0,0.08655913978494624
10810,2012-11-30,15.87,76.6589,231.249,0.16,0.16,97.934,388000,63.6,2441.2,10337.6,10337600000000.0,2646800.0,1416.180054,3966000000,7.7,82.7,3.1,1.586,1.54,0.006535947712418277,2.0,0,0.0,0.09703843730308759
10840,2012-12-31,18.02,76.7539,231.221,0.16,0.09,98.1984,362000,63.7,2460.7,10459.7,10459700000000.0,2675900.0,1426.189941,3204330000,7.9,72.9,3.2,1.586,1.73,0.005813953488372103,4.0,0,0.0,0.09600443951165372
10869,2013-01-31,14.28,76.6511,231.679,0.14,0.15,98.2029,366000,63.7,2476.7,10482.9,10482900000000.0,2741700.0,1498.109985,3999880000,8.0,73.8,3.3,1.583,1.95,-0.005102040816326481,-2.0,0,0.0,0.1365546218487395
10896,2013-02-28,15.51,76.9174,232.937,0.15,0.14,98.6733,342000,63.4,2468.9,10501.3,10501300000000.0,2845300.0,1514.680054,3912320000,7.7,77.6,3.3,1.583,1.78,-0.011111111111111072,-1.0,0,0.0,0.11476466795615732
10954,2013-04-30,13.52,76.9643,231.797,0.15,0.14,98.9658,331000,63.4,2504.9,10586.3,10586300000000.0,3011700.0,1597.569946,3745070000,7.6,76.4,3.1,1.574,1.65,0.0,0.0,0,0.0,0.1220414201183432
10984,2013-05-31,16.3,76.9553,231.893,0.11,0.09,99.0567,353000,63.4,2523.5,10621.0,10621000000000.0,3116900.0,1630.73999,4099600000,7.5,84.5,3.1,1.574,2.12,0.014354066985646119,2.0,0,0.0,0.13006134969325153
11014,2013-06-30,16.86,77.0265,232.445,0.09,0.07,99.2424,340000,63.4,2521.0,10678.7,10678700000000.0,3201500.0,1606.280029,4977190000,7.5,84.1,3.0,1.574,2.48,0.0,0.0,0,0.0,0.14709371293001186
11044,2013-07-31,13.45,76.7152,232.9,0.09,0.09,98.9258,334000,63.3,2542.3,10718.4,10718400000000.0,3290900.0,1685.72998,3847390000,7.3,85.1,3.1,1.573,2.56,-0.01158301158301156,-1.0,0,0.0,0.19033457249070634
11075,2013-08-31,17.01,77.1048,233.456,0.08,0.07,99.5059,325000,63.3,2551.3,10776.6,10776600000000.0,3398900.0,1632.969971,2734300000,7.2,82.1,3.0,1.573,2.75,0.0,0.0,0,0.0,0.16166960611405054
11104,2013-09-30,16.6,77.461,233.544,0.08,0.06,100.0391,319000,63.2,2585.5,10837.2,10837200000000.0,3486900.0,1681.550049,3308630000,7.2,77.5,3.3,1.573,2.62,0.0,0.0,0,0.0,0.1578313253012048
11134,2013-10-31,13.75,77.3148,233.669,0.09,0.07,99.9203,347000,62.8,2631.2,10961.6,10961600000000.0,3589500.0,1756.540039,3826530000,7.2,73.2,3.0,1.565,2.53,0.007968127490039834,2.0,0,0.0,0.184
11162,2013-11-30,13.7,77.4524,234.1,0.08,0.07,100.1661,312000,63.0,2638.8,10969.7,10969700000000.0,3684600.0,1805.810059,1598300000,6.9,75.1,2.9,1.565,2.69,0.0,0.0,0,0.0,0.19635036496350367
11192,2013-12-31,13.72,77.564,234.719,0.09,0.07,100.3777,332000,62.9,2674.2,11035.0,11035000000000.0,3717500.0,1848.359985,2312840000,6.7,82.5,3.0,1.565,2.97,0.017123287671233056,1.0,0,0.0,0.2164723032069971
11221,2014-01-31,18.41,77.219,235.288,0.07,0.07,99.999,340000,62.9,2697.8,11080.8,11080800000000.0,3728500.0,1782.589966,4059690000,6.6,81.2,3.1,1.542,2.65,-0.0185185185185186,-1.0,0,0.0,0.14394350896252037
11248,2014-02-28,14.0,77.7522,235.547,0.07,0.06,100.7583,341000,62.9,2724.0,11178.8,11178800000000.0,3833400.0,1859.449951,3917450000,6.7,81.6,3.2,1.542,2.61,0.0,0.0,0,0.0,0.18642857142857142
11279,2014-03-31,13.88,78.4825,236.028,0.08,0.06,101.7767,330000,63.1,2749.9,11208.1,11208100000000.0,3885900.0,1872.339966,3274300000,6.7,80.0,3.2,1.542,2.68,-0.0037174721189590088,-3.0,0,0.0,0.1930835734870317
11306,2014-04-30,13.41,78.4738,236.468,0.09,0.09,101.8425,345000,62.8,2770.5,11257.7,11257700000000.0,3930700.0,1883.949951,3779230000,6.2,84.1,3.2,1.548,2.64,-0.018587360594795488,-1.0,0,0.0,0.19686800894854586
11336,2014-05-31,11.4,78.731,236.918,0.09,0.08,102.2594,312000,62.9,2787.0,11321.0,11321000000000.0,3911500.0,1923.569946,3263490000,6.3,81.9,3.3,1.548,2.44,0.0,0.0,0,0.0,0.21403508771929824
11366,2014-06-30,11.57,78.9229,237.231,0.1,0.09,102.5986,308000,62.8,2821.8,11374.9,11374900000000.0,3948700.0,1960.22998,3037350000,6.1,82.5,3.1,1.548,2.49,-0.007968127490039723,-3.0,0,0.0,0.21521175453759725
11394,2014-07-31,16.95,79.0163,237.498,0.09,0.08,102.8163,303000,62.9,2841.4,11429.9,11429900000000.0,3989100.0,1930.670044,4193000000,6.2,81.8,3.3,1.553,2.55,0.007905138339920903,2.0,0,0.0,0.15044247787610618
11425,2014-08-31,11.98,78.8163,237.46,0.09,0.07,102.6562,303000,62.9,2801.4,11458.9,11458900000000.0,4075000.0,2003.369995,2259130000,6.1,82.5,3.2,1.553,2.32,0.0,0.0,0,0.0,0.19365609348914856
11454,2014-09-30,16.31,78.9895,237.477,0.09,0.07,102.9776,290000,62.8,2866.2,11499.8,11499800000000.0,4049200.0,1972.290039,3951100000,5.9,84.6,3.0,1.553,2.5,0.008064516129032251,1.0,0,0.0,0.15328019619865116
11484,2014-10-31,14.03,78.9292,237.43,0.09,0.07,102.9892,291000,62.9,2876.9,11566.0,11566000000000.0,4001500.0,2018.050049,4292290000,5.7,86.9,2.9,1.542,2.34,0.01298701298701288,4.0,0,0.0,0.16678545972915182
11512,2014-11-30,13.33,79.3647,236.983,0.09,0.08,103.6402,291000,62.9,2892.6,11604.8,11604800000000.0,3830400.0,2067.560059,2504640000,5.8,88.8,2.8,1.542,2.16,0.0,0.0,0,0.0,0.1620405101275319
11542,2014-12-31,19.2,79.304,236.252,0.12,0.06,103.6345,285000,62.8,2947.3,11684.9,11684900000000.0,3934500.0,2058.899902,2606070000,5.6,93.6,2.8,1.542,2.13,-0.018433179723502335,-6.0,0,0.0,0.1109375
11571,2015-01-31,20.97,78.6338,234.747,0.11,0.06,102.8239,281000,62.9,2939.7,11745.6,11745600000000.0,4017100.0,1994.98999,4568650000,5.7,98.1,2.5,1.526,1.66,0.0,0.0,0,0.0,0.07916070577014783
11598,2015-02-28,13.34,78.0854,235.342,0.11,0.06,102.1513,317000,62.7,3004.9,11879.0,11879000000000.0,3840500.0,2104.5,3547380000,5.5,95.4,2.8,1.526,1.98,0.0,0.0,0,0.0,0.14842578710644677
11629,2015-03-31,15.29,77.8104,235.976,0.11,0.06,101.824,269000,62.6,2997.7,11886.8,11886800000000.0,4030600.0,2067.889893,3376550000,5.4,93.0,3.0,1.526,1.91,-0.00520833333333337,-1.0,0,0.0,0.1249182472204055
11656,2015-04-30,14.55,77.3473,236.222,0.12,0.08,101.244,269000,62.8,2996.9,11928.9,11928900000000.0,4059400.0,2085.51001,4509680000,5.4,95.9,2.6,1.528,2.04,-0.004878048780487698,-1.0,0,0.0,0.1402061855670103
11686,2015-05-31,13.84,76.9844,237.001,0.12,0.08,100.783,275000,62.9,2979.8,11957.9,11957900000000.0,3949400.0,2107.389893,3927390000,5.6,90.7,2.8,1.528,2.11,0.0,0.0,0,0.0,0.15245664739884393
11716,2015-06-30,18.23,76.7496,237.657,0.13,0.08,100.4781,275000,62.7,3018.0,12001.7,12001700000000.0,3919600.0,2063.110107,4078540000,5.3,96.1,2.7,1.528,2.34,0.01298701298701288,1.0,0,0.0,0.1283598464070214
11744,2015-07-31,12.12,77.2342,238.034,0.13,0.08,101.1052,269000,62.6,3039.6,12051.3,12051300000000.0,3961200.0,2103.840088,3681340000,5.2,93.1,2.8,1.52,2.12,-0.040723981900452455,-2.0,0,0.0,0.17491749174917492
11775,2015-08-31,28.43,77.1213,238.033,0.14,0.08,100.9442,279000,62.6,3027.0,12101.9,12101900000000.0,3984000.0,1972.180054,3915100000,5.1,91.9,2.8,1.52,2.13,0.0,0.0,0,0.0,0.07492085824832923
11804,2015-09-30,24.5,76.9102,237.498,0.14,0.07,100.6507,272000,62.4,3047.0,12160.8,12160800000000.0,4028500.0,1920.030029,4525070000,5.0,87.2,2.8,1.52,2.06,0.009803921568627416,1.0,0,0.0,0.08408163265306123
11834,2015-10-31,15.07,76.5691,237.733,0.12,0.07,100.1871,275000,62.5,3022.3,12195.9,12195900000000.0,4060500.0,2079.360107,4256200000,5.0,90.0,2.7,1.502,2.08,0.0,0.0,0,0.0,0.13802256138022562
11862,2015-11-30,16.13,76.0077,238.017,0.12,0.08,99.4382,265000,62.5,3084.8,12284.6,12284600000000.0,4006700.0,2080.409912,4275030000,5.1,91.3,2.7,1.502,1.99,-0.02450980392156865,-9.0,0,0.0,0.12337259764414135
11890,2015-12-31,18.21,75.6338,237.761,0.24,0.2,98.939,276000,62.7,3100.0,12346.8,12346800000000.0,3835800.0,2043.939941,2655330000,5.0,92.6,2.6,1.502,2.11,0.004761904761904745,3.0,0,0.0,0.1158704008786381
11917,2016-01-31,20.2,76.0323,237.652,0.34,0.29,99.4558,282000,62.7,3095.0,12469.9,12469900000000.0,3792700.0,1940.23999,5497570000,4.8,92.0,2.5,1.476,1.61,0.0,0.0,0,0.0,0.0797029702970297
11945,2016-02-29,20.55,75.6159,237.336,0.38,0.29,98.9136,269000,62.8,3128.0,12556.7,12556700000000.0,3872500.0,1932.22998,4588180000,4.9,91.7,2.5,1.476,1.41,-0.013986013986013957,-3.0,0,0.0,0.06861313868613138
11973,2016-03-31,13.95,75.0559,238.08,0.36,0.25,98.1907,271000,63.0,3153.7,12616.7,12616700000000.0,3898400.0,2059.73999,3715280000,5.0,91.0,2.7,1.476,1.57,-0.036809815950920144,-1.0,0,0.0,0.11254480286738353
12003,2016-04-30,15.7,75.2543,238.992,0.37,0.3,98.4669,278000,62.9,3198.5,12700.4,12700400000000.0,3872900.0,2065.300049,4704720000,5.1,89.0,2.8,1.466,1.61,0.0,0.0,0,0.0,0.10254777070063695
12033,2016-05-31,14.19,75.0727,239.557,0.37,0.29,98.2518,263000,62.7,3237.8,12766.2,12766200000000.0,3836500.0,2096.949951,4514410000,4.8,94.7,2.4,1.466,1.5,-0.019607843137254943,-3.0,0,0.0,0.10570824524312897
12063,2016-06-30,15.63,75.4151,240.222,0.38,0.3,98.7275,262000,62.7,3244.9,12829.4,12829400000000.0,3825500.0,2098.860107,4622820000,4.9,93.5,2.6,1.466,1.23,-0.008064516129032251,-1.0,0,0.0,0.07869481765834932
12093,2016-07-31,11.87,75.4735,240.101,0.39,0.3,98.836,266000,62.8,3245.3,12887.7,12887700000000.0,3772500.0,2173.600098,4038840000,4.8,90.0,2.7,1.457,1.18,0.0,0.0,0,0.0,0.09941027801179445
12124,2016-08-31,13.42,75.3862,240.545,0.4,0.3,98.7554,261000,62.9,3317.5,12972.8,12972800000000.0,3816700.0,2170.949951,3766390000,4.9,89.8,2.5,1.457,1.25,0.008064516129032251,2.0,0,0.0,0.09314456035767511
12153,2016-09-30,13.29,75.2897,241.176,0.4,0.29,98.6596,247000,62.9,3327.3,13033.6,13033600000000.0,3735900.0,2168.27002,4158800000,5.0,91.2,2.4,1.457,1.31,0.007692307692307665,3.0,0,0.0,0.09857035364936043
12183,2016-10-31,17.06,75.3271,241.741,0.4,0.31,98.7322,265000,62.8,3333.5,13100.5,13100500000000.0,3572100.0,2126.149902,3926560000,4.9,87.2,2.4,1.45,1.5,-0.03846153846153855,-3.0,0,0.0,0.08792497069167644
12209,2016-11-30,13.33,75.0219,242.026,0.41,0.31,98.3452,255000,62.7,3353.9,13173.4,13173400000000.0,3629800.0,2198.810059,5538400000,4.7,93.8,2.4,1.45,1.89,0.038461538461538325,1.0,0,0.0,0.14178544636159038
12239,2016-12-31,14.04,75.5453,242.637,0.54,0.55,99.0314,244000,62.7,3345.6,13213.4,13213400000000.0,3531600.0,2238.830078,2671550000,4.7,98.2,2.2,1.45,1.94,0.0,0.0,0,0.0,0.1381766381766382
12268,2017-01-31,11.99,75.3784,243.618,0.65,0.56,98.7987,241000,62.8,3389.3,13283.4,13283400000000.0,3595500.0,2278.870117,4089730000,4.7,98.5,2.6,1.444,1.93,-0.025252525252525304,-1.0,0,0.0,0.1609674728940784
12295,2017-02-28,12.92,75.1225,244.006,0.66,0.57,98.4322,221000,62.9,3400.4,13358.8,13358800000000.0,3746400.0,2363.639893,4212460000,4.6,96.3,2.7,1.444,1.83,-0.016129032258064502,-1.0,0,0.0,0.141640866873065
12326,2017-03-31,12.37,75.6429,243.892,0.79,0.82,99.0663,236000,62.9,3452.9,13426.9,13426900000000.0,3856300.0,2362.719971,3356740000,4.4,96.9,2.5,1.444,1.64,0.0,0.0,0,0.0,0.13257881972514146
12353,2017-04-30,10.82,76.4106,244.193,0.9,0.83,100.0082,232000,63.0,3452.7,13484.9,13484900000000.0,3821700.0,2384.199951,3721350000,4.4,97.0,2.5,1.437,1.49,0.0,0.0,0,0.0,0.1377079482439926
12383,2017-05-31,10.41,76.5629,244.004,0.91,0.83,100.1286,253000,62.8,3517.6,13538.1,13538100000000.0,3774400.0,2411.800049,4518040000,4.4,97.1,2.6,1.437,1.23,-0.0390625,-7.0,0,0.0,0.11815561959654178
12413,2017-06-30,11.18,76.7832,244.163,1.04,1.06,100.3233,247000,62.8,3526.3,13559.2,13559200000000.0,3762800.0,2423.409912,3366030000,4.3,95.0,2.6,1.437,1.28,0.04065040650406515,2.0,0,0.0,0.11449016100178891
12443,2017-07-31,10.26,76.6891,244.243,1.15,1.07,100.0947,245000,62.9,3548.6,13618.7,13618700000000.0,3795400.0,2470.300049,3475930000,4.3,93.4,2.6,1.441,1.23,0.008196721311475308,10.0,0,0.0,0.11988304093567252
12474,2017-08-31,10.59,76.4472,245.183,1.16,1.07,99.6642,247000,62.9,3585.1,13673.7,13673700000000.0,3910000.0,2471.649902,3353860000,4.4,96.8,2.6,1.441,1.11,-0.008928571428571397,-1.0,0,0.0,0.1048158640226629
12503,2017-09-30,9.51,76.6181,246.435,1.15,1.06,99.7686,260000,63.1,3569.3,13717.9,13717900000000.0,3874500.0,2519.360107,3220260000,4.3,95.1,2.7,1.441,1.27,0.0,0.0,0,0.0,0.13354363827549948
12533,2017-10-31,10.18,77.654,246.626,1.15,1.07,100.9981,241000,62.7,3604.4,13770.1,13770100000000.0,3829900.0,2575.26001,3844420000,4.2,100.7,2.4,1.451,1.23,-0.016000000000000014,-5.0,0,0.0,0.12082514734774066
12562,2017-11-30,11.28,77.9439,247.284,1.16,1.07,101.2597,243000,62.7,3626.2,13799.9,13799900000000.0,3907700.0,2647.580078,4965700000,4.2,98.5,2.5,1.451,1.15,0.06481481481481466,2.0,0,0.0,0.10195035460992907
12592,2017-12-31,11.04,78.1791,247.805,1.3,1.33,101.4573,248000,62.7,3618.8,13857.9,13857900000000.0,3851000.0,2673.610107,2447760000,4.1,95.9,2.7,1.451,1.01,0.0,0.0,0,0.0,0.09148550724637682
12621,2018-01-31,13.54,78.206,248.859,1.41,1.34,101.3939,228000,62.7,3650.7,13869.7,13869700000000.0,3824800.0,2823.810059,4276270000,4.0,95.7,2.7,1.461,1.26,-0.023255813953488413,-1.0,0,0.0,0.0930576070901034
12648,2018-02-28,19.85,78.5556,249.529,1.42,1.35,101.7656,216000,63.0,3614.0,13912.3,13912300000000.0,3855100.0,2713.830078,4244570000,4.1,99.7,2.7,1.461,1.22,-0.016129032258064502,-1.0,0,0.0,0.061460957178841306
12706,2018-04-30,15.93,79.8677,250.227,1.69,1.69,103.3468,209000,62.9,3660.0,13988.8,13988800000000.0,3727100.0,2648.050049,3749510000,4.0,98.8,2.7,1.465,1.08,-0.05263157894736825,-5.0,0,0.0,0.06779661016949153
12736,2018-05-31,15.43,79.1543,250.792,1.7,1.7,102.3911,222000,62.9,3654.4,14047.2,14047200000000.0,3674800.0,2705.27002,4241100000,3.8,98.0,2.8,1.465,0.9,0.0,0.0,0,0.0,0.05832793259883345
12766,2018-06-30,16.09,79.7837,251.018,1.82,1.91,103.1924,228000,63.0,3654.5,14103.6,14103600000000.0,3650500.0,2718.370117,3586800000,4.0,98.2,3.0,1.465,0.92,0.0,0.0,0,0.0,0.05717837165941579
12796,2018-07-31,12.83,79.8874,251.214,1.91,1.91,103.3334,207000,63.0,3679.8,14139.2,14139200000000.0,3618300.0,2816.290039,3906890000,3.8,97.9,2.9,1.467,0.93,-0.010638297872340274,-5.0,0,0.0,0.0724863600935308
12827,2018-08-31,12.86,80.4472,251.663,1.91,1.91,104.0807,211000,62.6,3690.4,14181.3,14181300000000.0,3584500.0,2901.52002,2887220000,3.8,96.2,3.0,1.467,0.75,0.0,0.0,0,0.0,0.0583203732503888
12856,2018-09-30,12.12,80.4471,252.182,1.95,2.18,104.1181,210000,62.8,3700.1,14212.9,14212900000000.0,3559800.0,2913.97998,3461680000,3.7,100.1,2.7,1.467,0.86,0.0,0.0,0,0.0,0.07095709570957096
12886,2018-10-31,21.23,80.2713,252.772,2.19,2.2,103.9397,216000,62.9,3724.9,14222.5,14222500000000.0,3520900.0,2711.73999,5133380000,3.8,98.6,2.9,1.465,0.81,0.025316455696202445,2.0,0,0.0,0.038153556288271315
12914,2018-11-30,18.07,80.2728,252.594,2.2,2.2,104.0007,237000,62.9,3700.9,14236.8,14236800000000.0,3476300.0,2760.169922,4668310000,3.8,97.5,2.8,1.465,0.64,-0.030303030303030276,-2.0,0,0.0,0.03541781959048146
12943,2018-12-31,25.42,80.2161,252.767,2.27,2.4,103.9946,238000,63.0,3773.0,14362.7,14362700000000.0,3400700.0,2506.850098,3461920000,3.9,98.3,2.7,1.465,0.24,-0.25,-5.0,0,0.0,0.009441384736428008
12972,2019-01-31,16.57,79.6792,252.718,2.4,2.4,103.373,235000,63.1,3745.0,14430.0,14430000000000.0,3346900.0,2704.100098,4953800000,4.0,91.2,2.7,1.458,0.22,-0.2142857142857143,-6.0,0,0.0,0.013277006638503319
12999,2019-02-28,14.7,79.2011,253.322,2.4,2.4,102.8292,225000,63.1,3752.1,14469.9,14469900000000.0,3353500.0,2784.48999,4445780000,3.8,93.8,2.6,1.458,0.28,0.16666666666666674,2.0,0,0.0,0.01904761904761905
13030,2019-03-31,13.71,79.1387,254.202,2.41,2.43,102.8286,206000,63.0,3736.9,14509.9,14509900000000.0,3381500.0,2834.399902,3752520000,3.8,98.4,2.5,1.458,0.01,0.0,0.0,0,0.0,0.0007293946024799417
13057,2019-04-30,13.12,78.626,255.211,2.42,2.45,102.2481,225000,62.9,3783.9,14541.0,14541000000000.0,3286700.0,2945.830078,3939760000,3.6,97.2,2.5,1.46,0.08,-0.20000000000000007,-1.0,0,0.0,0.006097560975609756
13084,2019-05-31,18.71,78.6889,255.29,2.39,2.4,102.4192,221000,62.9,3788.2,14643.2,14643200000000.0,3244500.0,2752.060059,3982670000,3.7,100.0,2.9,1.46,-0.21,0.3125,6.0,0,0.0,-0.011223944414751469
13114,2019-06-30,15.08,78.6717,255.159,2.38,2.4,102.4893,223000,63.0,3828.4,14757.7,14757700000000.0,3274800.0,2941.76001,5422650000,3.6,98.2,2.7,1.46,-0.12,0.0,0.0,0,0.0,-0.007957559681697613
13144,2019-07-31,16.12,78.2415,255.685,2.4,2.4,102.0236,200000,63.1,3860.3,14840.6,14840600000000.0,3260300.0,2980.379883,4626330000,3.7,98.4,2.6,1.454,-0.06,2.0,1.0,0,0.0,-0.003722084367245657
13175,2019-08-31,18.98,78.7426,256.059,2.13,2.13,102.7754,207000,63.1,3855.3,14914.6,14914600000000.0,3271400.0,2926.459961,3009910000,3.7,89.8,2.7,1.454,-0.49,0.0,0.0,0,0.0,-0.025816649104320338
13204,2019-09-30,16.24,78.4845,256.511,2.04,1.9,102.5315,209000,63.2,3899.5,15008.1,15008100000000.0,3202700.0,2976.73999,3249130000,3.5,93.2,2.8,1.454,-0.2,0.8181818181818183,3.0,0,0.0,-0.012315270935960593
13234,2019-10-31,13.22,77.7075,257.244,1.83,1.58,101.6022,217000,63.3,3933.1,15140.8,15140800000000.0,3252800.0,3037.560059,4149310000,3.6,95.5,2.5,1.438,0.15,-0.0625,-2.0,0,0.0,0.0113464447806354
13262,2019-11-30,12.62,78.0665,257.803,1.55,1.56,102.148,229000,63.3,3949.5,15242.2,15242200000000.0,3315600.0,3140.97998,1743420000,3.6,96.8,2.5,1.438,0.19,0.0,0.0,0,0.0,0.015055467511885896
13292,2019-12-31,13.78,77.8163,258.616,1.55,1.55,101.884,233000,63.3,4021.2,15320.7,15320700000000.0,3426500.0,3230.780029,2894760000,3.6,99.3,2.3,1.438,0.37,0.1212121212121211,4.0,0,1.0,0.026850507982583455
13321,2020-01-31,18.84,77.3913,259.037,1.55,1.59,101.3768,210000,63.3,3978.6,15396.0,15396000000000.0,3442600.0,3225.52002,4529700000,3.5,99.8,2.5,1.391,-0.04,-inf,-3.0,0,1.0,-0.0021231422505307855
13349,2020-02-29,40.11,77.5663,259.248,1.58,1.58,101.633,219000,63.3,3981.4,15450.3,15450300000000.0,3454500.0,2954.219971,8569570000,3.5,101.0,2.4,1.391,-0.14,0.0,0.0,0,1.0,-0.003490401396160559
13380,2020-03-31,53.54,74.5352,258.124,0.65,0.08,97.6672,5946000,62.6,4261.0,15978.7,15978700000000.0,3883100.0,2584.590088,6576210000,4.4,89.1,2.2,1.391,0.59,0.01724137931034475,1.0,1,1.0,0.011019798281658572
13407,2020-04-30,34.15,64.5714,256.092,0.05,0.05,84.5979,3446000,60.1,4794.5,16997.6,16997599999999.998,4844900.0,2912.429932,6544980000,14.7,71.8,2.1,1.128,0.55,0.037735849056603765,2.0,1,1.0,0.016105417276720352
13437,2020-05-31,27.51,65.6487,255.868,0.05,0.05,85.9732,1639000,60.8,16244.2,17851.1,17851100000000.0,5149400.0,3044.310059,7297550000,13.2,72.3,3.2,1.128,0.51,0.0,0.0,0,0.0,0.018538713195201745
13467,2020-06-30,30.43,69.9664,256.986,0.08,0.08,91.5625,1446000,61.5,16559.7,18131.7,18131700000000.0,5001800.0,3100.290039,4705850000,11.0,78.1,3.0,1.128,0.5,0.0,0.0,0,0.0,0.01643115346697338
13495,2020-07-31,24.46,72.6784,258.278,0.09,0.1,95.0144,1260000,61.5,16767.2,18286.3,18286300000000.0,4700300.0,3271.120117,5007530000,10.2,72.5,3.0,1.176,0.46,0.0,0.0,0,0.0,0.018806214227309895
13526,2020-08-31,26.41,73.4452,259.411,0.1,0.09,95.8881,881000,61.7,16878.5,18346.0,18346000000000.0,4807400.0,3500.310059,4348280000,8.4,74.1,3.1,1.176,0.61,-0.046875,-3.0,0,0.0,0.023097311624384703
13555,2020-09-30,26.37,73.5298,260.029,0.09,0.09,95.8444,795000,61.4,17158.6,18577.3,18577300000000.0,4880300.0,3363.0,4738640000,7.9,80.4,2.6,1.176,0.59,0.03508771929824572,5.0,0,0.0,0.022373909745923397
13585,2020-10-31,38.02,74.1142,260.286,0.09,0.09,96.4292,773000,61.7,17357.2,18729.1,18729100000000.0,4917100.0,3269.959961,4843930000,6.9,81.8,2.6,1.163,0.79,0.0,0.0,0,0.0,0.02077853761178327
13613,2020-11-30,20.57,74.5927,260.813,0.09,0.09,96.8564,737000,61.5,17609.1,18949.3,18949300000000.0,5093000.0,3621.629883,6308410000,6.7,76.9,2.8,1.163,0.76,0.01333333333333342,3.0,0,0.0,0.03694701020904229
13641,2020-12-31,22.75,75.6169,262.035,0.09,0.09,97.9754,773000,61.5,17827.2,19114.2,19114000000000.0,5206500.0,3756.070068,3179040000,6.7,80.7,2.5,1.163,0.84,-0.0117647058823529,-1.0,0,0.0,0.03692307692307692
13668,2021-01-31,33.09,76.4136,262.65,0.09,0.07,98.7836,803000,61.3,18098.6,19356.8,19356400000000.0,5248000.0,3714.23999,6643370000,6.3,79.0,3.0,1.153,1.05,0.0,0.0,0,0.0,0.031731640979147775
13695,2021-02-28,27.95,73.9408,263.638,0.08,0.07,95.3744,704000,61.4,18362.3,19600.1,19600500000000.0,5446800.0,3811.149902,6526070000,6.2,76.8,3.3,1.153,1.4,0.0,0.0,0,0.0,0.05008944543828264
13726,2021-03-31,19.4,76.2498,264.914,0.07,0.06,98.1351,658000,61.5,18635.0,19841.0,19840300000000.0,5839000.0,3972.889893,4578050000,6.1,84.9,3.1,1.153,1.71,0.0,0.0,0,0.0,0.08814432989690722
13753,2021-04-30,18.61,76.5375,266.67,0.07,0.05,98.2886,574000,61.6,18933.5,20116.7,20117200000000.0,6042100.0,4181.169922,4300880000,6.1,88.3,3.4,1.145,1.64,0.0,0.0,0,0.0,0.08812466415905428
13813,2021-06-30,15.83,77.7972,270.559,0.08,0.08,99.5096,372000,61.7,19358.7,20506.5,20506900000000.0,6027000.0,4297.5,4266040000,5.9,85.5,4.2,1.145,1.4,-0.034482758620689724,-1.0,0,0.0,0.08843967150979153
13843,2021-07-31,18.24,78.4064,271.764,0.1,0.07,100.1231,365000,61.8,19534.0,20662.6,20663200000000.0,6130200.0,4395.259766,3956740000,5.4,81.2,4.7,1.144,1.18,0.0,0.0,0,0.0,0.06469298245614036
13874,2021-08-31,16.48,78.5176,272.87,0.09,0.06,100.1255,343000,61.7,19733.1,20847.2,20848200000000.0,6328700.0,4522.680176,4290710000,5.2,70.3,4.6,1.144,1.26,0.016129032258064502,1.0,0,0.0,0.07645631067961164
13903,2021-09-30,23.14,77.7675,274.028,0.08,0.06,99.0614,356000,61.7,19865.5,20963.9,20964200000000.0,6388800.0,4307.540039,4448140000,4.8,72.8,4.6,1.144,1.48,-0.019867549668874163,-1.0,0,0.0,0.06395851339671564
13933,2021-10-31,16.26,78.8064,276.522,0.08,0.07,100.3045,264000,61.8,20035.3,21116.1,21115900000000.0,6330900.0,4605.379883,4510200000,4.5,71.7,4.8,1.156,1.5,0.0,0.0,0,0.0,0.09225092250922508
13961,2021-11-30,27.19,79.5489,278.711,0.08,0.07,101.1971,225000,61.9,20250.3,21316.0,21316000000000.0,6394700.0,4567.0,6625990000,4.2,67.4,4.9,1.156,1.38,-0.0547945205479452,-1.0,0,0.0,0.05075395365943361
13989,2021-12-31,17.22,79.3243,280.887,0.08,0.07,100.886,203000,62.0,20494.8,21549.3,21550300000000.0,6413100.0,4766.180176,2677820000,3.9,70.6,4.8,1.156,1.46,-0.006802721088435382,-2.0,0,0.0,0.08478513356562137
14019,2022-01-31,24.83,79.4322,282.599,0.08,0.08,101.0227,233000,62.2,20506.7,21562.4,21561900000000.0,6103900.0,4515.549805,5098610000,4.0,67.2,4.9,1.158,1.57,-0.012578616352201255,-5.0,0,0.0,0.06322996375352397
14046,2022-02-28,30.15,79.9253,284.61,0.08,0.08,101.6766,213000,62.2,20534.5,21571.1,21570300000000.0,6039900.0,4373.939941,6071370000,3.8,62.8,4.9,1.158,1.48,-0.09756097560975607,-5.0,0,0.0,0.04908789386401327
14077,2022-03-31,20.56,80.5162,287.472,0.2,0.33,102.478,214000,62.4,20665.1,21698.2,21697700000000.0,6134400.0,4530.410156,4823020000,3.6,59.4,5.4,1.158,1.8,0.0,0.0,0,0.0,0.08754863813229573
14104,2022-04-30,33.4,80.7112,288.611,0.33,0.33,102.7953,218000,62.2,20651.4,21677.7,21678000000000.0,5885100.0,4131.930176,5084030000,3.6,65.2,5.4,1.179,2.04,0.0,0.0,0,0.0,0.06107784431137725
14134,2022-05-31,26.19,80.6275,291.268,0.77,0.83,102.7769,202000,62.3,20639.2,21665.7,21665600000000.0,5591500.0,4132.149902,6822640000,3.6,58.4,5.3,1.179,1.69,0.01807228915662651,3.0,0,0.0,0.06452844597174494
14163,2022-06-30,28.71,80.4742,294.728,1.21,1.58,102.6863,213000,62.2,20607.9,21666.5,21666800000000.0,5506500.0,3785.379883,4840070000,3.6,50.0,5.3,1.179,1.26,-0.045454545454545525,-3.0,0,0.0,0.0438871473354232
14193,2022-07-31,21.33,80.7318,294.628,1.68,2.32,103.1328,218000,62.1,20588.7,21703.8,21703200000000.0,5537100.0,4130.290039,4616360000,3.5,51.5,5.2,1.202,0.26,0.0,0.0,0,0.0,0.012189404594467887
14224,2022-08-31,25.87,80.7118,295.32,2.33,2.33,103.2344,206000,62.3,20479.4,21660.0,21658600000000.0,5582200.0,3955.0,4542490000,3.7,58.2,4.8,1.202,0.19,0.357142857142857,1.0,0,0.0,0.007344414379590259
14253,2022-09-30,31.62,80.8369,296.539,2.56,3.08,103.5283,182000,62.3,20279.9,21524.2,21523100000000.0,5410900.0,3585.620117,5645360000,3.5,58.6,4.7,1.202,0.5,0.25,2.0,0,0.0,0.015812776723592662
14283,2022-10-31,25.88,80.6377,297.987,3.08,3.08,103.4114,204000,62.2,20098.1,21432.1,21431300000000.0,5340200.0,3871.97998,4820620000,3.7,59.9,5.0,1.234,-0.12,-0.25,-4.0,0,0.0,-0.00463678516228748
14309,2022-11-30,20.58,80.2626,298.598,3.78,3.83,103.0707,213000,62.2,19964.4,21398.7,21396900000000.0,5419400.0,4080.110107,6579360000,3.6,56.8,4.9,1.234,-0.69,0.09523809523809512,1.0,0,0.0,-0.033527696793002916
14339,2022-12-31,21.67,78.9195,298.99,4.1,4.33,101.4848,206000,62.3,19821.0,21358.1,21357700000000.0,5406000.0,3839.5,2979870000,3.5,59.7,4.4,1.234,-0.54,0.0,0.0,0,0.0,-0.024919243193354867
14368,2023-01-31,19.4,79.6374,300.536,4.33,4.33,102.5478,199000,62.4,19560.1,21212.6,21212000000000.0,5329000.0,4076.600098,4679320000,3.4,64.9,3.9,1.273,-1.18,0.008547008547008517,1.0,0,0.0,-0.060824742268041236
14395,2023-02-28,20.7,79.5454,301.648,4.57,4.57,102.5671,221000,62.5,19327.8,21076.9,21075400000000.0,5321600.0,3970.149902,5043400000,3.6,67.0,4.1,1.273,-0.96,-0.010309278350515427,-1.0,0,0.0,-0.0463768115942029
